"TokenNumber","TokenPadded","Title","NewWorkID","RepoName","TargetItemPath","LocalImagePath","ImageRelativeToRepo","TemplateItemPath","TemplateTokenNumber","Status","Message"
"0","0000","Light Cult Crypto Club #0000","RE-001811","ron-english-light-cult-0001-1000","D:\github\ron-english-light-cult-0001-1000\items\lccc-0000.html","D:\github\ron-english-light-cult-0001-1000\images\0001-0100\LCCC-0000.png","images\0001-0100\LCCC-0000.png","D:\github\ron-english-light-cult-0001-1000\items\lccc-0001.html","1","CREATED","Created page."
"9747","9747","Light Cult Crypto Club #9747","RE-010398","ron-english-light-cult-9001-10000","D:\github\ron-english-light-cult-9001-10000\items\lccc-9747.html","D:\github\ron-english-light-cult-9001-10000\images\9701-9800\LCCC-9747.png","images\9701-9800\LCCC-9747.png","D:\github\ron-english-light-cult-9001-10000\items\lccc-9746.html","9746","CREATED","Created page."
"9748","9748","Light Cult Crypto Club #9748","RE-010399","ron-english-light-cult-9001-10000","D:\github\ron-english-light-cult-9001-10000\items\lccc-9748.html","D:\github\ron-english-light-cult-9001-10000\images\9701-9800\LCCC-9748.png","images\9701-9800\LCCC-9748.png","D:\github\ron-english-light-cult-9001-10000\items\lccc-9747.html","9747","CREATED","Created page."
"9749","9749","Light Cult Crypto Club #9749","RE-010400","ron-english-light-cult-9001-10000","D:\github\ron-english-light-cult-9001-10000\items\lccc-9749.html","D:\github\ron-english-light-cult-9001-10000\images\9701-9800\LCCC-9749.png","images\9701-9800\LCCC-9749.png","D:\github\ron-english-light-cult-9001-10000\items\lccc-9748.html","9748","CREATED","Created page."
"9750","9750","Light Cult Crypto Club #9750","RE-010401","ron-english-light-cult-9001-10000","D:\github\ron-english-light-cult-9001-10000\items\lccc-9750.html","D:\github\ron-english-light-cult-9001-10000\images\9701-9800\LCCC-9750.png","images\9701-9800\LCCC-9750.png","D:\github\ron-english-light-cult-9001-10000\items\lccc-9749.html","9749","CREATED","Created page."
"9751","9751","Light Cult Crypto Club #9751","RE-010402","ron-english-light-cult-9001-10000","D:\github\ron-english-light-cult-9001-10000\items\lccc-9751.html","D:\github\ron-english-light-cult-9001-10000\images\9701-9800\LCCC-9751.png","images\9701-9800\LCCC-9751.png","D:\github\ron-english-light-cult-9001-10000\items\lccc-9750.html","9750","CREATED","Created page."
"9752","9752","Light Cult Crypto Club #9752","RE-010403","ron-english-light-cult-9001-10000","D:\github\ron-english-light-cult-9001-10000\items\lccc-9752.html","D:\github\ron-english-light-cult-9001-10000\images\9701-9800\LCCC-9752.png","images\9701-9800\LCCC-9752.png","D:\github\ron-english-light-cult-9001-10000\items\lccc-9751.html","9751","CREATED","Created page."
"9753","9753","Light Cult Crypto Club #9753","RE-010404","ron-english-light-cult-9001-10000","D:\github\ron-english-light-cult-9001-10000\items\lccc-9753.html","D:\github\ron-english-light-cult-9001-10000\images\9701-9800\LCCC-9753.png","images\9701-9800\LCCC-9753.png","D:\github\ron-english-light-cult-9001-10000\items\lccc-9752.html","9752","CREATED","Created page."
"9754","9754","Light Cult Crypto Club #9754","RE-010405","ron-english-light-cult-9001-10000","D:\github\ron-english-light-cult-9001-10000\items\lccc-9754.html","D:\github\ron-english-light-cult-9001-10000\images\9701-9800\LCCC-9754.png","images\9701-9800\LCCC-9754.png","D:\github\ron-english-light-cult-9001-10000\items\lccc-9753.html","9753","CREATED","Created page."
"9755","9755","Light Cult Crypto Club #9755","RE-010406","ron-english-light-cult-9001-10000","D:\github\ron-english-light-cult-9001-10000\items\lccc-9755.html","D:\github\ron-english-light-cult-9001-10000\images\9701-9800\LCCC-9755.png","images\9701-9800\LCCC-9755.png","D:\github\ron-english-light-cult-9001-10000\items\lccc-9754.html","9754","CREATED","Created page."
"9756","9756","Light Cult Crypto Club #9756","RE-010407","ron-english-light-cult-9001-10000","D:\github\ron-english-light-cult-9001-10000\items\lccc-9756.html","D:\github\ron-english-light-cult-9001-10000\images\9701-9800\LCCC-9756.png","images\9701-9800\LCCC-9756.png","D:\github\ron-english-light-cult-9001-10000\items\lccc-9755.html","9755","CREATED","Created page."
"9757","9757","Light Cult Crypto Club #9757","RE-010408","ron-english-light-cult-9001-10000","D:\github\ron-english-light-cult-9001-10000\items\lccc-9757.html","D:\github\ron-english-light-cult-9001-10000\images\9701-9800\LCCC-9757.png","images\9701-9800\LCCC-9757.png","D:\github\ron-english-light-cult-9001-10000\items\lccc-9756.html","9756","CREATED","Created page."
"9758","9758","Light Cult Crypto Club #9758","RE-010409","ron-english-light-cult-9001-10000","D:\github\ron-english-light-cult-9001-10000\items\lccc-9758.html","D:\github\ron-english-light-cult-9001-10000\images\9701-9800\LCCC-9758.png","images\9701-9800\LCCC-9758.png","D:\github\ron-english-light-cult-9001-10000\items\lccc-9757.html","9757","CREATED","Created page."
"9759","9759","Light Cult Crypto Club #9759","RE-010410","ron-english-light-cult-9001-10000","D:\github\ron-english-light-cult-9001-10000\items\lccc-9759.html","D:\github\ron-english-light-cult-9001-10000\images\9701-9800\LCCC-9759.png","images\9701-9800\LCCC-9759.png","D:\github\ron-english-light-cult-9001-10000\items\lccc-9758.html","9758","CREATED","Created page."
"9761","9761","Light Cult Crypto Club #9761","RE-010411","ron-english-light-cult-9001-10000","D:\github\ron-english-light-cult-9001-10000\items\lccc-9761.html","D:\github\ron-english-light-cult-9001-10000\images\9701-9800\LCCC-9761.png","images\9701-9800\LCCC-9761.png","D:\github\ron-english-light-cult-9001-10000\items\lccc-9759.html","9759","CREATED","Created page."
"9762","9762","Light Cult Crypto Club #9762","RE-010412","ron-english-light-cult-9001-10000","D:\github\ron-english-light-cult-9001-10000\items\lccc-9762.html","D:\github\ron-english-light-cult-9001-10000\images\9701-9800\LCCC-9762.png","images\9701-9800\LCCC-9762.png","D:\github\ron-english-light-cult-9001-10000\items\lccc-9761.html","9761","CREATED","Created page."
"9763","9763","Light Cult Crypto Club #9763","RE-010413","ron-english-light-cult-9001-10000","D:\github\ron-english-light-cult-9001-10000\items\lccc-9763.html","D:\github\ron-english-light-cult-9001-10000\images\9701-9800\LCCC-9763.png","images\9701-9800\LCCC-9763.png","D:\github\ron-english-light-cult-9001-10000\items\lccc-9762.html","9762","CREATED","Created page."
"9764","9764","Light Cult Crypto Club #9764","RE-010414","ron-english-light-cult-9001-10000","D:\github\ron-english-light-cult-9001-10000\items\lccc-9764.html","D:\github\ron-english-light-cult-9001-10000\images\9701-9800\LCCC-9764.png","images\9701-9800\LCCC-9764.png","D:\github\ron-english-light-cult-9001-10000\items\lccc-9763.html","9763","CREATED","Created page."
"9765","9765","Light Cult Crypto Club #9765","RE-010415","ron-english-light-cult-9001-10000","D:\github\ron-english-light-cult-9001-10000\items\lccc-9765.html","D:\github\ron-english-light-cult-9001-10000\images\9701-9800\LCCC-9765.png","images\9701-9800\LCCC-9765.png","D:\github\ron-english-light-cult-9001-10000\items\lccc-9764.html","9764","CREATED","Created page."
"9766","9766","Light Cult Crypto Club #9766","RE-010416","ron-english-light-cult-9001-10000","D:\github\ron-english-light-cult-9001-10000\items\lccc-9766.html","D:\github\ron-english-light-cult-9001-10000\images\9701-9800\LCCC-9766.png","images\9701-9800\LCCC-9766.png","D:\github\ron-english-light-cult-9001-10000\items\lccc-9765.html","9765","CREATED","Created page."
"9767","9767","Light Cult Crypto Club #9767","RE-010417","ron-english-light-cult-9001-10000","D:\github\ron-english-light-cult-9001-10000\items\lccc-9767.html","D:\github\ron-english-light-cult-9001-10000\images\9701-9800\LCCC-9767.png","images\9701-9800\LCCC-9767.png","D:\github\ron-english-light-cult-9001-10000\items\lccc-9766.html","9766","CREATED","Created page."
"9768","9768","Light Cult Crypto Club #9768","RE-010418","ron-english-light-cult-9001-10000","D:\github\ron-english-light-cult-9001-10000\items\lccc-9768.html","D:\github\ron-english-light-cult-9001-10000\images\9701-9800\LCCC-9768.png","images\9701-9800\LCCC-9768.png","D:\github\ron-english-light-cult-9001-10000\items\lccc-9767.html","9767","CREATED","Created page."
"9769","9769","Light Cult Crypto Club #9769","RE-010419","ron-english-light-cult-9001-10000","D:\github\ron-english-light-cult-9001-10000\items\lccc-9769.html","D:\github\ron-english-light-cult-9001-10000\images\9701-9800\LCCC-9769.png","images\9701-9800\LCCC-9769.png","D:\github\ron-english-light-cult-9001-10000\items\lccc-9768.html","9768","CREATED","Created page."
"9770","9770","Light Cult Crypto Club #9770","RE-010420","ron-english-light-cult-9001-10000","D:\github\ron-english-light-cult-9001-10000\items\lccc-9770.html","D:\github\ron-english-light-cult-9001-10000\images\9701-9800\LCCC-9770.png","images\9701-9800\LCCC-9770.png","D:\github\ron-english-light-cult-9001-10000\items\lccc-9769.html","9769","CREATED","Created page."
"9771","9771","Light Cult Crypto Club #9771","RE-010421","ron-english-light-cult-9001-10000","D:\github\ron-english-light-cult-9001-10000\items\lccc-9771.html","D:\github\ron-english-light-cult-9001-10000\images\9701-9800\LCCC-9771.png","images\9701-9800\LCCC-9771.png","D:\github\ron-english-light-cult-9001-10000\items\lccc-9770.html","9770","CREATED","Created page."
"9774","9774","Light Cult Crypto Club #9774","RE-010422","ron-english-light-cult-9001-10000","D:\github\ron-english-light-cult-9001-10000\items\lccc-9774.html","D:\github\ron-english-light-cult-9001-10000\images\9701-9800\LCCC-9774.png","images\9701-9800\LCCC-9774.png","D:\github\ron-english-light-cult-9001-10000\items\lccc-9771.html","9771","CREATED","Created page."
"9775","9775","Light Cult Crypto Club #9775","RE-010423","ron-english-light-cult-9001-10000","D:\github\ron-english-light-cult-9001-10000\items\lccc-9775.html","D:\github\ron-english-light-cult-9001-10000\images\9701-9800\LCCC-9775.png","images\9701-9800\LCCC-9775.png","D:\github\ron-english-light-cult-9001-10000\items\lccc-9774.html","9774","CREATED","Created page."
"9776","9776","Light Cult Crypto Club #9776","RE-010424","ron-english-light-cult-9001-10000","D:\github\ron-english-light-cult-9001-10000\items\lccc-9776.html","D:\github\ron-english-light-cult-9001-10000\images\9701-9800\LCCC-9776.png","images\9701-9800\LCCC-9776.png","D:\github\ron-english-light-cult-9001-10000\items\lccc-9775.html","9775","CREATED","Created page."
"9777","9777","Light Cult Crypto Club #9777","RE-010425","ron-english-light-cult-9001-10000","D:\github\ron-english-light-cult-9001-10000\items\lccc-9777.html","D:\github\ron-english-light-cult-9001-10000\images\9701-9800\LCCC-9777.png","images\9701-9800\LCCC-9777.png","D:\github\ron-english-light-cult-9001-10000\items\lccc-9776.html","9776","CREATED","Created page."
"9778","9778","Light Cult Crypto Club #9778","RE-010426","ron-english-light-cult-9001-10000","D:\github\ron-english-light-cult-9001-10000\items\lccc-9778.html","D:\github\ron-english-light-cult-9001-10000\images\9701-9800\LCCC-9778.png","images\9701-9800\LCCC-9778.png","D:\github\ron-english-light-cult-9001-10000\items\lccc-9777.html","9777","CREATED","Created page."
"9779","9779","Light Cult Crypto Club #9779","RE-010427","ron-english-light-cult-9001-10000","D:\github\ron-english-light-cult-9001-10000\items\lccc-9779.html","D:\github\ron-english-light-cult-9001-10000\images\9701-9800\LCCC-9779.png","images\9701-9800\LCCC-9779.png","D:\github\ron-english-light-cult-9001-10000\items\lccc-9778.html","9778","CREATED","Created page."
"9780","9780","Light Cult Crypto Club #9780","RE-010428","ron-english-light-cult-9001-10000","D:\github\ron-english-light-cult-9001-10000\items\lccc-9780.html","D:\github\ron-english-light-cult-9001-10000\images\9701-9800\LCCC-9780.png","images\9701-9800\LCCC-9780.png","D:\github\ron-english-light-cult-9001-10000\items\lccc-9779.html","9779","CREATED","Created page."
"9781","9781","Light Cult Crypto Club #9781","RE-010429","ron-english-light-cult-9001-10000","D:\github\ron-english-light-cult-9001-10000\items\lccc-9781.html","D:\github\ron-english-light-cult-9001-10000\images\9701-9800\LCCC-9781.png","images\9701-9800\LCCC-9781.png","D:\github\ron-english-light-cult-9001-10000\items\lccc-9780.html","9780","CREATED","Created page."
"9782","9782","Light Cult Crypto Club #9782","RE-010430","ron-english-light-cult-9001-10000","D:\github\ron-english-light-cult-9001-10000\items\lccc-9782.html","D:\github\ron-english-light-cult-9001-10000\images\9701-9800\LCCC-9782.png","images\9701-9800\LCCC-9782.png","D:\github\ron-english-light-cult-9001-10000\items\lccc-9781.html","9781","CREATED","Created page."
"9783","9783","Light Cult Crypto Club #9783","RE-010431","ron-english-light-cult-9001-10000","D:\github\ron-english-light-cult-9001-10000\items\lccc-9783.html","D:\github\ron-english-light-cult-9001-10000\images\9701-9800\LCCC-9783.png","images\9701-9800\LCCC-9783.png","D:\github\ron-english-light-cult-9001-10000\items\lccc-9782.html","9782","CREATED","Created page."
"9784","9784","Light Cult Crypto Club #9784","RE-010432","ron-english-light-cult-9001-10000","D:\github\ron-english-light-cult-9001-10000\items\lccc-9784.html","D:\github\ron-english-light-cult-9001-10000\images\9701-9800\LCCC-9784.png","images\9701-9800\LCCC-9784.png","D:\github\ron-english-light-cult-9001-10000\items\lccc-9783.html","9783","CREATED","Created page."
"9785","9785","Light Cult Crypto Club #9785","RE-010433","ron-english-light-cult-9001-10000","D:\github\ron-english-light-cult-9001-10000\items\lccc-9785.html","D:\github\ron-english-light-cult-9001-10000\images\9701-9800\LCCC-9785.png","images\9701-9800\LCCC-9785.png","D:\github\ron-english-light-cult-9001-10000\items\lccc-9784.html","9784","CREATED","Created page."
"9786","9786","Light Cult Crypto Club #9786","RE-010434","ron-english-light-cult-9001-10000","D:\github\ron-english-light-cult-9001-10000\items\lccc-9786.html","D:\github\ron-english-light-cult-9001-10000\images\9701-9800\LCCC-9786.png","images\9701-9800\LCCC-9786.png","D:\github\ron-english-light-cult-9001-10000\items\lccc-9785.html","9785","CREATED","Created page."
"9787","9787","Light Cult Crypto Club #9787","RE-010435","ron-english-light-cult-9001-10000","D:\github\ron-english-light-cult-9001-10000\items\lccc-9787.html","D:\github\ron-english-light-cult-9001-10000\images\9701-9800\LCCC-9787.png","images\9701-9800\LCCC-9787.png","D:\github\ron-english-light-cult-9001-10000\items\lccc-9786.html","9786","CREATED","Created page."
"9788","9788","Light Cult Crypto Club #9788","RE-010436","ron-english-light-cult-9001-10000","D:\github\ron-english-light-cult-9001-10000\items\lccc-9788.html","D:\github\ron-english-light-cult-9001-10000\images\9701-9800\LCCC-9788.png","images\9701-9800\LCCC-9788.png","D:\github\ron-english-light-cult-9001-10000\items\lccc-9787.html","9787","CREATED","Created page."
"9789","9789","Light Cult Crypto Club #9789","RE-010437","ron-english-light-cult-9001-10000","D:\github\ron-english-light-cult-9001-10000\items\lccc-9789.html","D:\github\ron-english-light-cult-9001-10000\images\9701-9800\LCCC-9789.png","images\9701-9800\LCCC-9789.png","D:\github\ron-english-light-cult-9001-10000\items\lccc-9788.html","9788","CREATED","Created page."
"9790","9790","Light Cult Crypto Club #9790","RE-010438","ron-english-light-cult-9001-10000","D:\github\ron-english-light-cult-9001-10000\items\lccc-9790.html","D:\github\ron-english-light-cult-9001-10000\images\9701-9800\LCCC-9790.png","images\9701-9800\LCCC-9790.png","D:\github\ron-english-light-cult-9001-10000\items\lccc-9789.html","9789","CREATED","Created page."
"9791","9791","Light Cult Crypto Club #9791","RE-010439","ron-english-light-cult-9001-10000","D:\github\ron-english-light-cult-9001-10000\items\lccc-9791.html","D:\github\ron-english-light-cult-9001-10000\images\9701-9800\LCCC-9791.png","images\9701-9800\LCCC-9791.png","D:\github\ron-english-light-cult-9001-10000\items\lccc-9790.html","9790","CREATED","Created page."
"9792","9792","Light Cult Crypto Club #9792","RE-010440","ron-english-light-cult-9001-10000","D:\github\ron-english-light-cult-9001-10000\items\lccc-9792.html","D:\github\ron-english-light-cult-9001-10000\images\9701-9800\LCCC-9792.png","images\9701-9800\LCCC-9792.png","D:\github\ron-english-light-cult-9001-10000\items\lccc-9791.html","9791","CREATED","Created page."
"9793","9793","Light Cult Crypto Club #9793","RE-010441","ron-english-light-cult-9001-10000","D:\github\ron-english-light-cult-9001-10000\items\lccc-9793.html","D:\github\ron-english-light-cult-9001-10000\images\9701-9800\LCCC-9793.png","images\9701-9800\LCCC-9793.png","D:\github\ron-english-light-cult-9001-10000\items\lccc-9792.html","9792","CREATED","Created page."
"9794","9794","Light Cult Crypto Club #9794","RE-010442","ron-english-light-cult-9001-10000","D:\github\ron-english-light-cult-9001-10000\items\lccc-9794.html","D:\github\ron-english-light-cult-9001-10000\images\9701-9800\LCCC-9794.png","images\9701-9800\LCCC-9794.png","D:\github\ron-english-light-cult-9001-10000\items\lccc-9793.html","9793","CREATED","Created page."
"9795","9795","Light Cult Crypto Club #9795","RE-010443","ron-english-light-cult-9001-10000","D:\github\ron-english-light-cult-9001-10000\items\lccc-9795.html","D:\github\ron-english-light-cult-9001-10000\images\9701-9800\LCCC-9795.png","images\9701-9800\LCCC-9795.png","D:\github\ron-english-light-cult-9001-10000\items\lccc-9794.html","9794","CREATED","Created page."
"9798","9798","Light Cult Crypto Club #9798","RE-010444","ron-english-light-cult-9001-10000","D:\github\ron-english-light-cult-9001-10000\items\lccc-9798.html","D:\github\ron-english-light-cult-9001-10000\images\9701-9800\LCCC-9798.png","images\9701-9800\LCCC-9798.png","D:\github\ron-english-light-cult-9001-10000\items\lccc-9795.html","9795","CREATED","Created page."
"9799","9799","Light Cult Crypto Club #9799","RE-010445","ron-english-light-cult-9001-10000","D:\github\ron-english-light-cult-9001-10000\items\lccc-9799.html","D:\github\ron-english-light-cult-9001-10000\images\9701-9800\LCCC-9799.png","images\9701-9800\LCCC-9799.png","D:\github\ron-english-light-cult-9001-10000\items\lccc-9798.html","9798","CREATED","Created page."
"9800","9800","Light Cult Crypto Club #9800","RE-010446","ron-english-light-cult-9001-10000","D:\github\ron-english-light-cult-9001-10000\items\lccc-9800.html","D:\github\ron-english-light-cult-9001-10000\images\9701-9800\LCCC-9800.png","images\9701-9800\LCCC-9800.png","D:\github\ron-english-light-cult-9001-10000\items\lccc-9799.html","9799","CREATED","Created page."
"9801","9801","Light Cult Crypto Club #9801","RE-010447","ron-english-light-cult-9001-10000","D:\github\ron-english-light-cult-9001-10000\items\lccc-9801.html","D:\github\ron-english-light-cult-9001-10000\images\9801-9900\LCCC-9801.png","images\9801-9900\LCCC-9801.png","D:\github\ron-english-light-cult-9001-10000\items\lccc-9800.html","9800","CREATED","Created page."
"9803","9803","Light Cult Crypto Club #9803","RE-010448","ron-english-light-cult-9001-10000","D:\github\ron-english-light-cult-9001-10000\items\lccc-9803.html","D:\github\ron-english-light-cult-9001-10000\images\9801-9900\LCCC-9803.png","images\9801-9900\LCCC-9803.png","D:\github\ron-english-light-cult-9001-10000\items\lccc-9801.html","9801","CREATED","Created page."
"9804","9804","Light Cult Crypto Club #9804","RE-010449","ron-english-light-cult-9001-10000","D:\github\ron-english-light-cult-9001-10000\items\lccc-9804.html","D:\github\ron-english-light-cult-9001-10000\images\9801-9900\LCCC-9804.png","images\9801-9900\LCCC-9804.png","D:\github\ron-english-light-cult-9001-10000\items\lccc-9803.html","9803","CREATED","Created page."
"9806","9806","Light Cult Crypto Club #9806","RE-010450","ron-english-light-cult-9001-10000","D:\github\ron-english-light-cult-9001-10000\items\lccc-9806.html","D:\github\ron-english-light-cult-9001-10000\images\9801-9900\LCCC-9806.png","images\9801-9900\LCCC-9806.png","D:\github\ron-english-light-cult-9001-10000\items\lccc-9804.html","9804","CREATED","Created page."
"9807","9807","Light Cult Crypto Club #9807","RE-010451","ron-english-light-cult-9001-10000","D:\github\ron-english-light-cult-9001-10000\items\lccc-9807.html","D:\github\ron-english-light-cult-9001-10000\images\9801-9900\LCCC-9807.png","images\9801-9900\LCCC-9807.png","D:\github\ron-english-light-cult-9001-10000\items\lccc-9806.html","9806","CREATED","Created page."
"9808","9808","Light Cult Crypto Club #9808","RE-010452","ron-english-light-cult-9001-10000","D:\github\ron-english-light-cult-9001-10000\items\lccc-9808.html","D:\github\ron-english-light-cult-9001-10000\images\9801-9900\LCCC-9808.png","images\9801-9900\LCCC-9808.png","D:\github\ron-english-light-cult-9001-10000\items\lccc-9807.html","9807","CREATED","Created page."
"9809","9809","Light Cult Crypto Club #9809","RE-010453","ron-english-light-cult-9001-10000","D:\github\ron-english-light-cult-9001-10000\items\lccc-9809.html","D:\github\ron-english-light-cult-9001-10000\images\9801-9900\LCCC-9809.png","images\9801-9900\LCCC-9809.png","D:\github\ron-english-light-cult-9001-10000\items\lccc-9808.html","9808","CREATED","Created page."
"9810","9810","Light Cult Crypto Club #9810","RE-010454","ron-english-light-cult-9001-10000","D:\github\ron-english-light-cult-9001-10000\items\lccc-9810.html","D:\github\ron-english-light-cult-9001-10000\images\9801-9900\LCCC-9810.png","images\9801-9900\LCCC-9810.png","D:\github\ron-english-light-cult-9001-10000\items\lccc-9809.html","9809","CREATED","Created page."
"9812","9812","Light Cult Crypto Club #9812","RE-010455","ron-english-light-cult-9001-10000","D:\github\ron-english-light-cult-9001-10000\items\lccc-9812.html","D:\github\ron-english-light-cult-9001-10000\images\9801-9900\LCCC-9812.png","images\9801-9900\LCCC-9812.png","D:\github\ron-english-light-cult-9001-10000\items\lccc-9810.html","9810","CREATED","Created page."
"9813","9813","Light Cult Crypto Club #9813","RE-010456","ron-english-light-cult-9001-10000","D:\github\ron-english-light-cult-9001-10000\items\lccc-9813.html","D:\github\ron-english-light-cult-9001-10000\images\9801-9900\LCCC-9813.png","images\9801-9900\LCCC-9813.png","D:\github\ron-english-light-cult-9001-10000\items\lccc-9812.html","9812","CREATED","Created page."
"9814","9814","Light Cult Crypto Club #9814","RE-010457","ron-english-light-cult-9001-10000","D:\github\ron-english-light-cult-9001-10000\items\lccc-9814.html","D:\github\ron-english-light-cult-9001-10000\images\9801-9900\LCCC-9814.png","images\9801-9900\LCCC-9814.png","D:\github\ron-english-light-cult-9001-10000\items\lccc-9813.html","9813","CREATED","Created page."
"9815","9815","Light Cult Crypto Club #9815","RE-010458","ron-english-light-cult-9001-10000","D:\github\ron-english-light-cult-9001-10000\items\lccc-9815.html","D:\github\ron-english-light-cult-9001-10000\images\9801-9900\LCCC-9815.png","images\9801-9900\LCCC-9815.png","D:\github\ron-english-light-cult-9001-10000\items\lccc-9814.html","9814","CREATED","Created page."
"9816","9816","Light Cult Crypto Club #9816","RE-010459","ron-english-light-cult-9001-10000","D:\github\ron-english-light-cult-9001-10000\items\lccc-9816.html","D:\github\ron-english-light-cult-9001-10000\images\9801-9900\LCCC-9816.png","images\9801-9900\LCCC-9816.png","D:\github\ron-english-light-cult-9001-10000\items\lccc-9815.html","9815","CREATED","Created page."
"9817","9817","Light Cult Crypto Club #9817","RE-010460","ron-english-light-cult-9001-10000","D:\github\ron-english-light-cult-9001-10000\items\lccc-9817.html","D:\github\ron-english-light-cult-9001-10000\images\9801-9900\LCCC-9817.png","images\9801-9900\LCCC-9817.png","D:\github\ron-english-light-cult-9001-10000\items\lccc-9816.html","9816","CREATED","Created page."
"9818","9818","Light Cult Crypto Club #9818","RE-010461","ron-english-light-cult-9001-10000","D:\github\ron-english-light-cult-9001-10000\items\lccc-9818.html","D:\github\ron-english-light-cult-9001-10000\images\9801-9900\LCCC-9818.png","images\9801-9900\LCCC-9818.png","D:\github\ron-english-light-cult-9001-10000\items\lccc-9817.html","9817","CREATED","Created page."
"9819","9819","Light Cult Crypto Club #9819","RE-010462","ron-english-light-cult-9001-10000","D:\github\ron-english-light-cult-9001-10000\items\lccc-9819.html","D:\github\ron-english-light-cult-9001-10000\images\9801-9900\LCCC-9819.png","images\9801-9900\LCCC-9819.png","D:\github\ron-english-light-cult-9001-10000\items\lccc-9818.html","9818","CREATED","Created page."
"9820","9820","Light Cult Crypto Club #9820","RE-010463","ron-english-light-cult-9001-10000","D:\github\ron-english-light-cult-9001-10000\items\lccc-9820.html","D:\github\ron-english-light-cult-9001-10000\images\9801-9900\LCCC-9820.png","images\9801-9900\LCCC-9820.png","D:\github\ron-english-light-cult-9001-10000\items\lccc-9819.html","9819","CREATED","Created page."
"9821","9821","Light Cult Crypto Club #9821","RE-010464","ron-english-light-cult-9001-10000","D:\github\ron-english-light-cult-9001-10000\items\lccc-9821.html","D:\github\ron-english-light-cult-9001-10000\images\9801-9900\LCCC-9821.png","images\9801-9900\LCCC-9821.png","D:\github\ron-english-light-cult-9001-10000\items\lccc-9820.html","9820","CREATED","Created page."
"9822","9822","Light Cult Crypto Club #9822","RE-010465","ron-english-light-cult-9001-10000","D:\github\ron-english-light-cult-9001-10000\items\lccc-9822.html","D:\github\ron-english-light-cult-9001-10000\images\9801-9900\LCCC-9822.png","images\9801-9900\LCCC-9822.png","D:\github\ron-english-light-cult-9001-10000\items\lccc-9821.html","9821","CREATED","Created page."
"9825","9825","Light Cult Crypto Club #9825","RE-010466","ron-english-light-cult-9001-10000","D:\github\ron-english-light-cult-9001-10000\items\lccc-9825.html","D:\github\ron-english-light-cult-9001-10000\images\9801-9900\LCCC-9825.png","images\9801-9900\LCCC-9825.png","D:\github\ron-english-light-cult-9001-10000\items\lccc-9822.html","9822","CREATED","Created page."
"9826","9826","Light Cult Crypto Club #9826","RE-010467","ron-english-light-cult-9001-10000","D:\github\ron-english-light-cult-9001-10000\items\lccc-9826.html","D:\github\ron-english-light-cult-9001-10000\images\9801-9900\LCCC-9826.png","images\9801-9900\LCCC-9826.png","D:\github\ron-english-light-cult-9001-10000\items\lccc-9825.html","9825","CREATED","Created page."
"9827","9827","Light Cult Crypto Club #9827","RE-010468","ron-english-light-cult-9001-10000","D:\github\ron-english-light-cult-9001-10000\items\lccc-9827.html","D:\github\ron-english-light-cult-9001-10000\images\9801-9900\LCCC-9827.png","images\9801-9900\LCCC-9827.png","D:\github\ron-english-light-cult-9001-10000\items\lccc-9826.html","9826","CREATED","Created page."
"9828","9828","Light Cult Crypto Club #9828","RE-010469","ron-english-light-cult-9001-10000","D:\github\ron-english-light-cult-9001-10000\items\lccc-9828.html","D:\github\ron-english-light-cult-9001-10000\images\9801-9900\LCCC-9828.png","images\9801-9900\LCCC-9828.png","D:\github\ron-english-light-cult-9001-10000\items\lccc-9827.html","9827","CREATED","Created page."
"9829","9829","Light Cult Crypto Club #9829","RE-010470","ron-english-light-cult-9001-10000","D:\github\ron-english-light-cult-9001-10000\items\lccc-9829.html","D:\github\ron-english-light-cult-9001-10000\images\9801-9900\LCCC-9829.png","images\9801-9900\LCCC-9829.png","D:\github\ron-english-light-cult-9001-10000\items\lccc-9828.html","9828","CREATED","Created page."
"9830","9830","Light Cult Crypto Club #9830","RE-010471","ron-english-light-cult-9001-10000","D:\github\ron-english-light-cult-9001-10000\items\lccc-9830.html","D:\github\ron-english-light-cult-9001-10000\images\9801-9900\LCCC-9830.png","images\9801-9900\LCCC-9830.png","D:\github\ron-english-light-cult-9001-10000\items\lccc-9829.html","9829","CREATED","Created page."
"9831","9831","Light Cult Crypto Club #9831","RE-010472","ron-english-light-cult-9001-10000","D:\github\ron-english-light-cult-9001-10000\items\lccc-9831.html","D:\github\ron-english-light-cult-9001-10000\images\9801-9900\LCCC-9831.png","images\9801-9900\LCCC-9831.png","D:\github\ron-english-light-cult-9001-10000\items\lccc-9830.html","9830","CREATED","Created page."
"9832","9832","Light Cult Crypto Club #9832","RE-010473","ron-english-light-cult-9001-10000","D:\github\ron-english-light-cult-9001-10000\items\lccc-9832.html","D:\github\ron-english-light-cult-9001-10000\images\9801-9900\LCCC-9832.png","images\9801-9900\LCCC-9832.png","D:\github\ron-english-light-cult-9001-10000\items\lccc-9831.html","9831","CREATED","Created page."
"9834","9834","Light Cult Crypto Club #9834","RE-010474","ron-english-light-cult-9001-10000","D:\github\ron-english-light-cult-9001-10000\items\lccc-9834.html","D:\github\ron-english-light-cult-9001-10000\images\9801-9900\LCCC-9834.png","images\9801-9900\LCCC-9834.png","D:\github\ron-english-light-cult-9001-10000\items\lccc-9832.html","9832","CREATED","Created page."
"9835","9835","Light Cult Crypto Club #9835","RE-010475","ron-english-light-cult-9001-10000","D:\github\ron-english-light-cult-9001-10000\items\lccc-9835.html","D:\github\ron-english-light-cult-9001-10000\images\9801-9900\LCCC-9835.png","images\9801-9900\LCCC-9835.png","D:\github\ron-english-light-cult-9001-10000\items\lccc-9834.html","9834","CREATED","Created page."
"9836","9836","Light Cult Crypto Club #9836","RE-010476","ron-english-light-cult-9001-10000","D:\github\ron-english-light-cult-9001-10000\items\lccc-9836.html","D:\github\ron-english-light-cult-9001-10000\images\9801-9900\LCCC-9836.png","images\9801-9900\LCCC-9836.png","D:\github\ron-english-light-cult-9001-10000\items\lccc-9835.html","9835","CREATED","Created page."
"9837","9837","Light Cult Crypto Club #9837","RE-010477","ron-english-light-cult-9001-10000","D:\github\ron-english-light-cult-9001-10000\items\lccc-9837.html","D:\github\ron-english-light-cult-9001-10000\images\9801-9900\LCCC-9837.png","images\9801-9900\LCCC-9837.png","D:\github\ron-english-light-cult-9001-10000\items\lccc-9836.html","9836","CREATED","Created page."
"9838","9838","Light Cult Crypto Club #9838","RE-010478","ron-english-light-cult-9001-10000","D:\github\ron-english-light-cult-9001-10000\items\lccc-9838.html","D:\github\ron-english-light-cult-9001-10000\images\9801-9900\LCCC-9838.png","images\9801-9900\LCCC-9838.png","D:\github\ron-english-light-cult-9001-10000\items\lccc-9837.html","9837","CREATED","Created page."
"9839","9839","Light Cult Crypto Club #9839","RE-010479","ron-english-light-cult-9001-10000","D:\github\ron-english-light-cult-9001-10000\items\lccc-9839.html","D:\github\ron-english-light-cult-9001-10000\images\9801-9900\LCCC-9839.png","images\9801-9900\LCCC-9839.png","D:\github\ron-english-light-cult-9001-10000\items\lccc-9838.html","9838","CREATED","Created page."
"9840","9840","Light Cult Crypto Club #9840","RE-010480","ron-english-light-cult-9001-10000","D:\github\ron-english-light-cult-9001-10000\items\lccc-9840.html","D:\github\ron-english-light-cult-9001-10000\images\9801-9900\LCCC-9840.png","images\9801-9900\LCCC-9840.png","D:\github\ron-english-light-cult-9001-10000\items\lccc-9839.html","9839","CREATED","Created page."
"9841","9841","Light Cult Crypto Club #9841","RE-010481","ron-english-light-cult-9001-10000","D:\github\ron-english-light-cult-9001-10000\items\lccc-9841.html","D:\github\ron-english-light-cult-9001-10000\images\9801-9900\LCCC-9841.png","images\9801-9900\LCCC-9841.png","D:\github\ron-english-light-cult-9001-10000\items\lccc-9840.html","9840","CREATED","Created page."
"9843","9843","Light Cult Crypto Club #9843","RE-010482","ron-english-light-cult-9001-10000","D:\github\ron-english-light-cult-9001-10000\items\lccc-9843.html","D:\github\ron-english-light-cult-9001-10000\images\9801-9900\LCCC-9843.png","images\9801-9900\LCCC-9843.png","D:\github\ron-english-light-cult-9001-10000\items\lccc-9841.html","9841","CREATED","Created page."
"9844","9844","Light Cult Crypto Club #9844","RE-010483","ron-english-light-cult-9001-10000","D:\github\ron-english-light-cult-9001-10000\items\lccc-9844.html","D:\github\ron-english-light-cult-9001-10000\images\9801-9900\LCCC-9844.png","images\9801-9900\LCCC-9844.png","D:\github\ron-english-light-cult-9001-10000\items\lccc-9843.html","9843","CREATED","Created page."
"9845","9845","Light Cult Crypto Club #9845","RE-010484","ron-english-light-cult-9001-10000","D:\github\ron-english-light-cult-9001-10000\items\lccc-9845.html","D:\github\ron-english-light-cult-9001-10000\images\9801-9900\LCCC-9845.png","images\9801-9900\LCCC-9845.png","D:\github\ron-english-light-cult-9001-10000\items\lccc-9844.html","9844","CREATED","Created page."
"9846","9846","Light Cult Crypto Club #9846","RE-010485","ron-english-light-cult-9001-10000","D:\github\ron-english-light-cult-9001-10000\items\lccc-9846.html","D:\github\ron-english-light-cult-9001-10000\images\9801-9900\LCCC-9846.png","images\9801-9900\LCCC-9846.png","D:\github\ron-english-light-cult-9001-10000\items\lccc-9845.html","9845","CREATED","Created page."
"9847","9847","Light Cult Crypto Club #9847","RE-010486","ron-english-light-cult-9001-10000","D:\github\ron-english-light-cult-9001-10000\items\lccc-9847.html","D:\github\ron-english-light-cult-9001-10000\images\9801-9900\LCCC-9847.png","images\9801-9900\LCCC-9847.png","D:\github\ron-english-light-cult-9001-10000\items\lccc-9846.html","9846","CREATED","Created page."
"9848","9848","Light Cult Crypto Club #9848","RE-010487","ron-english-light-cult-9001-10000","D:\github\ron-english-light-cult-9001-10000\items\lccc-9848.html","D:\github\ron-english-light-cult-9001-10000\images\9801-9900\LCCC-9848.png","images\9801-9900\LCCC-9848.png","D:\github\ron-english-light-cult-9001-10000\items\lccc-9847.html","9847","CREATED","Created page."
"9849","9849","Light Cult Crypto Club #9849","RE-010488","ron-english-light-cult-9001-10000","D:\github\ron-english-light-cult-9001-10000\items\lccc-9849.html","D:\github\ron-english-light-cult-9001-10000\images\9801-9900\LCCC-9849.png","images\9801-9900\LCCC-9849.png","D:\github\ron-english-light-cult-9001-10000\items\lccc-9848.html","9848","CREATED","Created page."
"9850","9850","Light Cult Crypto Club #9850","RE-010489","ron-english-light-cult-9001-10000","D:\github\ron-english-light-cult-9001-10000\items\lccc-9850.html","D:\github\ron-english-light-cult-9001-10000\images\9801-9900\LCCC-9850.png","images\9801-9900\LCCC-9850.png","D:\github\ron-english-light-cult-9001-10000\items\lccc-9849.html","9849","CREATED","Created page."
"9851","9851","Light Cult Crypto Club #9851","RE-010490","ron-english-light-cult-9001-10000","D:\github\ron-english-light-cult-9001-10000\items\lccc-9851.html","D:\github\ron-english-light-cult-9001-10000\images\9801-9900\LCCC-9851.png","images\9801-9900\LCCC-9851.png","D:\github\ron-english-light-cult-9001-10000\items\lccc-9850.html","9850","CREATED","Created page."
"9852","9852","Light Cult Crypto Club #9852","RE-010491","ron-english-light-cult-9001-10000","D:\github\ron-english-light-cult-9001-10000\items\lccc-9852.html","D:\github\ron-english-light-cult-9001-10000\images\9801-9900\LCCC-9852.png","images\9801-9900\LCCC-9852.png","D:\github\ron-english-light-cult-9001-10000\items\lccc-9851.html","9851","CREATED","Created page."
"9853","9853","Light Cult Crypto Club #9853","RE-010492","ron-english-light-cult-9001-10000","D:\github\ron-english-light-cult-9001-10000\items\lccc-9853.html","D:\github\ron-english-light-cult-9001-10000\images\9801-9900\LCCC-9853.png","images\9801-9900\LCCC-9853.png","D:\github\ron-english-light-cult-9001-10000\items\lccc-9852.html","9852","CREATED","Created page."
"9855","9855","Light Cult Crypto Club #9855","RE-010493","ron-english-light-cult-9001-10000","D:\github\ron-english-light-cult-9001-10000\items\lccc-9855.html","D:\github\ron-english-light-cult-9001-10000\images\9801-9900\LCCC-9855.png","images\9801-9900\LCCC-9855.png","D:\github\ron-english-light-cult-9001-10000\items\lccc-9853.html","9853","CREATED","Created page."
"9857","9857","Light Cult Crypto Club #9857","RE-010494","ron-english-light-cult-9001-10000","D:\github\ron-english-light-cult-9001-10000\items\lccc-9857.html","D:\github\ron-english-light-cult-9001-10000\images\9801-9900\LCCC-9857.png","images\9801-9900\LCCC-9857.png","D:\github\ron-english-light-cult-9001-10000\items\lccc-9855.html","9855","CREATED","Created page."
"9859","9859","Light Cult Crypto Club #9859","RE-010495","ron-english-light-cult-9001-10000","D:\github\ron-english-light-cult-9001-10000\items\lccc-9859.html","D:\github\ron-english-light-cult-9001-10000\images\9801-9900\LCCC-9859.png","images\9801-9900\LCCC-9859.png","D:\github\ron-english-light-cult-9001-10000\items\lccc-9857.html","9857","CREATED","Created page."
"9860","9860","Light Cult Crypto Club #9860","RE-010496","ron-english-light-cult-9001-10000","D:\github\ron-english-light-cult-9001-10000\items\lccc-9860.html","D:\github\ron-english-light-cult-9001-10000\images\9801-9900\LCCC-9860.png","images\9801-9900\LCCC-9860.png","D:\github\ron-english-light-cult-9001-10000\items\lccc-9859.html","9859","CREATED","Created page."
"9861","9861","Light Cult Crypto Club #9861","RE-010497","ron-english-light-cult-9001-10000","D:\github\ron-english-light-cult-9001-10000\items\lccc-9861.html","D:\github\ron-english-light-cult-9001-10000\images\9801-9900\LCCC-9861.png","images\9801-9900\LCCC-9861.png","D:\github\ron-english-light-cult-9001-10000\items\lccc-9860.html","9860","CREATED","Created page."
"9862","9862","Light Cult Crypto Club #9862","RE-010498","ron-english-light-cult-9001-10000","D:\github\ron-english-light-cult-9001-10000\items\lccc-9862.html","D:\github\ron-english-light-cult-9001-10000\images\9801-9900\LCCC-9862.png","images\9801-9900\LCCC-9862.png","D:\github\ron-english-light-cult-9001-10000\items\lccc-9861.html","9861","CREATED","Created page."
"9863","9863","Light Cult Crypto Club #9863","RE-010499","ron-english-light-cult-9001-10000","D:\github\ron-english-light-cult-9001-10000\items\lccc-9863.html","D:\github\ron-english-light-cult-9001-10000\images\9801-9900\LCCC-9863.png","images\9801-9900\LCCC-9863.png","D:\github\ron-english-light-cult-9001-10000\items\lccc-9862.html","9862","CREATED","Created page."
"9865","9865","Light Cult Crypto Club #9865","RE-010500","ron-english-light-cult-9001-10000","D:\github\ron-english-light-cult-9001-10000\items\lccc-9865.html","D:\github\ron-english-light-cult-9001-10000\images\9801-9900\LCCC-9865.png","images\9801-9900\LCCC-9865.png","D:\github\ron-english-light-cult-9001-10000\items\lccc-9863.html","9863","CREATED","Created page."
"9866","9866","Light Cult Crypto Club #9866","RE-010501","ron-english-light-cult-9001-10000","D:\github\ron-english-light-cult-9001-10000\items\lccc-9866.html","D:\github\ron-english-light-cult-9001-10000\images\9801-9900\LCCC-9866.png","images\9801-9900\LCCC-9866.png","D:\github\ron-english-light-cult-9001-10000\items\lccc-9865.html","9865","CREATED","Created page."
"9867","9867","Light Cult Crypto Club #9867","RE-010502","ron-english-light-cult-9001-10000","D:\github\ron-english-light-cult-9001-10000\items\lccc-9867.html","D:\github\ron-english-light-cult-9001-10000\images\9801-9900\LCCC-9867.png","images\9801-9900\LCCC-9867.png","D:\github\ron-english-light-cult-9001-10000\items\lccc-9866.html","9866","CREATED","Created page."
"9868","9868","Light Cult Crypto Club #9868","RE-010503","ron-english-light-cult-9001-10000","D:\github\ron-english-light-cult-9001-10000\items\lccc-9868.html","D:\github\ron-english-light-cult-9001-10000\images\9801-9900\LCCC-9868.png","images\9801-9900\LCCC-9868.png","D:\github\ron-english-light-cult-9001-10000\items\lccc-9867.html","9867","CREATED","Created page."
"9869","9869","Light Cult Crypto Club #9869","RE-010504","ron-english-light-cult-9001-10000","D:\github\ron-english-light-cult-9001-10000\items\lccc-9869.html","D:\github\ron-english-light-cult-9001-10000\images\9801-9900\LCCC-9869.png","images\9801-9900\LCCC-9869.png","D:\github\ron-english-light-cult-9001-10000\items\lccc-9868.html","9868","CREATED","Created page."
"9870","9870","Light Cult Crypto Club #9870","RE-010505","ron-english-light-cult-9001-10000","D:\github\ron-english-light-cult-9001-10000\items\lccc-9870.html","D:\github\ron-english-light-cult-9001-10000\images\9801-9900\LCCC-9870.png","images\9801-9900\LCCC-9870.png","D:\github\ron-english-light-cult-9001-10000\items\lccc-9869.html","9869","CREATED","Created page."
"9871","9871","Light Cult Crypto Club #9871","RE-010506","ron-english-light-cult-9001-10000","D:\github\ron-english-light-cult-9001-10000\items\lccc-9871.html","D:\github\ron-english-light-cult-9001-10000\images\9801-9900\LCCC-9871.png","images\9801-9900\LCCC-9871.png","D:\github\ron-english-light-cult-9001-10000\items\lccc-9870.html","9870","CREATED","Created page."
"9872","9872","Light Cult Crypto Club #9872","RE-010507","ron-english-light-cult-9001-10000","D:\github\ron-english-light-cult-9001-10000\items\lccc-9872.html","D:\github\ron-english-light-cult-9001-10000\images\9801-9900\LCCC-9872.png","images\9801-9900\LCCC-9872.png","D:\github\ron-english-light-cult-9001-10000\items\lccc-9871.html","9871","CREATED","Created page."
"9873","9873","Light Cult Crypto Club #9873","RE-010508","ron-english-light-cult-9001-10000","D:\github\ron-english-light-cult-9001-10000\items\lccc-9873.html","D:\github\ron-english-light-cult-9001-10000\images\9801-9900\LCCC-9873.png","images\9801-9900\LCCC-9873.png","D:\github\ron-english-light-cult-9001-10000\items\lccc-9872.html","9872","CREATED","Created page."
"9874","9874","Light Cult Crypto Club #9874","RE-010509","ron-english-light-cult-9001-10000","D:\github\ron-english-light-cult-9001-10000\items\lccc-9874.html","D:\github\ron-english-light-cult-9001-10000\images\9801-9900\LCCC-9874.png","images\9801-9900\LCCC-9874.png","D:\github\ron-english-light-cult-9001-10000\items\lccc-9873.html","9873","CREATED","Created page."
"9875","9875","Light Cult Crypto Club #9875","RE-010510","ron-english-light-cult-9001-10000","D:\github\ron-english-light-cult-9001-10000\items\lccc-9875.html","D:\github\ron-english-light-cult-9001-10000\images\9801-9900\LCCC-9875.png","images\9801-9900\LCCC-9875.png","D:\github\ron-english-light-cult-9001-10000\items\lccc-9874.html","9874","CREATED","Created page."
"9876","9876","Light Cult Crypto Club #9876","RE-010511","ron-english-light-cult-9001-10000","D:\github\ron-english-light-cult-9001-10000\items\lccc-9876.html","D:\github\ron-english-light-cult-9001-10000\images\9801-9900\LCCC-9876.png","images\9801-9900\LCCC-9876.png","D:\github\ron-english-light-cult-9001-10000\items\lccc-9875.html","9875","CREATED","Created page."
"9877","9877","Light Cult Crypto Club #9877","RE-010512","ron-english-light-cult-9001-10000","D:\github\ron-english-light-cult-9001-10000\items\lccc-9877.html","D:\github\ron-english-light-cult-9001-10000\images\9801-9900\LCCC-9877.png","images\9801-9900\LCCC-9877.png","D:\github\ron-english-light-cult-9001-10000\items\lccc-9876.html","9876","CREATED","Created page."
"9878","9878","Light Cult Crypto Club #9878","RE-010513","ron-english-light-cult-9001-10000","D:\github\ron-english-light-cult-9001-10000\items\lccc-9878.html","D:\github\ron-english-light-cult-9001-10000\images\9801-9900\LCCC-9878.png","images\9801-9900\LCCC-9878.png","D:\github\ron-english-light-cult-9001-10000\items\lccc-9877.html","9877","CREATED","Created page."
"9879","9879","Light Cult Crypto Club #9879","RE-010514","ron-english-light-cult-9001-10000","D:\github\ron-english-light-cult-9001-10000\items\lccc-9879.html","D:\github\ron-english-light-cult-9001-10000\images\9801-9900\LCCC-9879.png","images\9801-9900\LCCC-9879.png","D:\github\ron-english-light-cult-9001-10000\items\lccc-9878.html","9878","CREATED","Created page."
"9880","9880","Light Cult Crypto Club #9880","RE-010515","ron-english-light-cult-9001-10000","D:\github\ron-english-light-cult-9001-10000\items\lccc-9880.html","D:\github\ron-english-light-cult-9001-10000\images\9801-9900\LCCC-9880.png","images\9801-9900\LCCC-9880.png","D:\github\ron-english-light-cult-9001-10000\items\lccc-9879.html","9879","CREATED","Created page."
"9882","9882","Light Cult Crypto Club #9882","RE-010516","ron-english-light-cult-9001-10000","D:\github\ron-english-light-cult-9001-10000\items\lccc-9882.html","D:\github\ron-english-light-cult-9001-10000\images\9801-9900\LCCC-9882.png","images\9801-9900\LCCC-9882.png","D:\github\ron-english-light-cult-9001-10000\items\lccc-9880.html","9880","CREATED","Created page."
"9883","9883","Light Cult Crypto Club #9883","RE-010517","ron-english-light-cult-9001-10000","D:\github\ron-english-light-cult-9001-10000\items\lccc-9883.html","D:\github\ron-english-light-cult-9001-10000\images\9801-9900\LCCC-9883.png","images\9801-9900\LCCC-9883.png","D:\github\ron-english-light-cult-9001-10000\items\lccc-9882.html","9882","CREATED","Created page."
"9884","9884","Light Cult Crypto Club #9884","RE-010518","ron-english-light-cult-9001-10000","D:\github\ron-english-light-cult-9001-10000\items\lccc-9884.html","D:\github\ron-english-light-cult-9001-10000\images\9801-9900\LCCC-9884.png","images\9801-9900\LCCC-9884.png","D:\github\ron-english-light-cult-9001-10000\items\lccc-9883.html","9883","CREATED","Created page."
"9885","9885","Light Cult Crypto Club #9885","RE-010519","ron-english-light-cult-9001-10000","D:\github\ron-english-light-cult-9001-10000\items\lccc-9885.html","D:\github\ron-english-light-cult-9001-10000\images\9801-9900\LCCC-9885.png","images\9801-9900\LCCC-9885.png","D:\github\ron-english-light-cult-9001-10000\items\lccc-9884.html","9884","CREATED","Created page."
"9886","9886","Light Cult Crypto Club #9886","RE-010520","ron-english-light-cult-9001-10000","D:\github\ron-english-light-cult-9001-10000\items\lccc-9886.html","D:\github\ron-english-light-cult-9001-10000\images\9801-9900\LCCC-9886.png","images\9801-9900\LCCC-9886.png","D:\github\ron-english-light-cult-9001-10000\items\lccc-9885.html","9885","CREATED","Created page."
"9887","9887","Light Cult Crypto Club #9887","RE-010521","ron-english-light-cult-9001-10000","D:\github\ron-english-light-cult-9001-10000\items\lccc-9887.html","D:\github\ron-english-light-cult-9001-10000\images\9801-9900\LCCC-9887.png","images\9801-9900\LCCC-9887.png","D:\github\ron-english-light-cult-9001-10000\items\lccc-9886.html","9886","CREATED","Created page."
"9888","9888","Light Cult Crypto Club #9888","RE-010522","ron-english-light-cult-9001-10000","D:\github\ron-english-light-cult-9001-10000\items\lccc-9888.html","D:\github\ron-english-light-cult-9001-10000\images\9801-9900\LCCC-9888.png","images\9801-9900\LCCC-9888.png","D:\github\ron-english-light-cult-9001-10000\items\lccc-9887.html","9887","CREATED","Created page."
"9889","9889","Light Cult Crypto Club #9889","RE-010523","ron-english-light-cult-9001-10000","D:\github\ron-english-light-cult-9001-10000\items\lccc-9889.html","D:\github\ron-english-light-cult-9001-10000\images\9801-9900\LCCC-9889.png","images\9801-9900\LCCC-9889.png","D:\github\ron-english-light-cult-9001-10000\items\lccc-9888.html","9888","CREATED","Created page."
"9891","9891","Light Cult Crypto Club #9891","RE-010524","ron-english-light-cult-9001-10000","D:\github\ron-english-light-cult-9001-10000\items\lccc-9891.html","D:\github\ron-english-light-cult-9001-10000\images\9801-9900\LCCC-9891.png","images\9801-9900\LCCC-9891.png","D:\github\ron-english-light-cult-9001-10000\items\lccc-9889.html","9889","CREATED","Created page."
"9892","9892","Light Cult Crypto Club #9892","RE-010525","ron-english-light-cult-9001-10000","D:\github\ron-english-light-cult-9001-10000\items\lccc-9892.html","D:\github\ron-english-light-cult-9001-10000\images\9801-9900\LCCC-9892.png","images\9801-9900\LCCC-9892.png","D:\github\ron-english-light-cult-9001-10000\items\lccc-9891.html","9891","CREATED","Created page."
"9893","9893","Light Cult Crypto Club #9893","RE-010526","ron-english-light-cult-9001-10000","D:\github\ron-english-light-cult-9001-10000\items\lccc-9893.html","D:\github\ron-english-light-cult-9001-10000\images\9801-9900\LCCC-9893.png","images\9801-9900\LCCC-9893.png","D:\github\ron-english-light-cult-9001-10000\items\lccc-9892.html","9892","CREATED","Created page."
"9894","9894","Light Cult Crypto Club #9894","RE-010527","ron-english-light-cult-9001-10000","D:\github\ron-english-light-cult-9001-10000\items\lccc-9894.html","D:\github\ron-english-light-cult-9001-10000\images\9801-9900\LCCC-9894.png","images\9801-9900\LCCC-9894.png","D:\github\ron-english-light-cult-9001-10000\items\lccc-9893.html","9893","CREATED","Created page."
"9895","9895","Light Cult Crypto Club #9895","RE-010528","ron-english-light-cult-9001-10000","D:\github\ron-english-light-cult-9001-10000\items\lccc-9895.html","D:\github\ron-english-light-cult-9001-10000\images\9801-9900\LCCC-9895.png","images\9801-9900\LCCC-9895.png","D:\github\ron-english-light-cult-9001-10000\items\lccc-9894.html","9894","CREATED","Created page."
"9897","9897","Light Cult Crypto Club #9897","RE-010529","ron-english-light-cult-9001-10000","D:\github\ron-english-light-cult-9001-10000\items\lccc-9897.html","D:\github\ron-english-light-cult-9001-10000\images\9801-9900\LCCC-9897.png","images\9801-9900\LCCC-9897.png","D:\github\ron-english-light-cult-9001-10000\items\lccc-9895.html","9895","CREATED","Created page."
"9898","9898","Light Cult Crypto Club #9898","RE-010530","ron-english-light-cult-9001-10000","D:\github\ron-english-light-cult-9001-10000\items\lccc-9898.html","D:\github\ron-english-light-cult-9001-10000\images\9801-9900\LCCC-9898.png","images\9801-9900\LCCC-9898.png","D:\github\ron-english-light-cult-9001-10000\items\lccc-9897.html","9897","CREATED","Created page."
"9899","9899","Light Cult Crypto Club #9899","RE-010531","ron-english-light-cult-9001-10000","D:\github\ron-english-light-cult-9001-10000\items\lccc-9899.html","D:\github\ron-english-light-cult-9001-10000\images\9801-9900\LCCC-9899.png","images\9801-9900\LCCC-9899.png","D:\github\ron-english-light-cult-9001-10000\items\lccc-9898.html","9898","CREATED","Created page."
"9900","9900","Light Cult Crypto Club #9900","RE-010532","ron-english-light-cult-9001-10000","D:\github\ron-english-light-cult-9001-10000\items\lccc-9900.html","D:\github\ron-english-light-cult-9001-10000\images\9801-9900\LCCC-9900.png","images\9801-9900\LCCC-9900.png","D:\github\ron-english-light-cult-9001-10000\items\lccc-9899.html","9899","CREATED","Created page."
"9901","9901","Light Cult Crypto Club #9901","RE-010533","ron-english-light-cult-9001-10000","D:\github\ron-english-light-cult-9001-10000\items\lccc-9901.html","D:\github\ron-english-light-cult-9001-10000\images\9901-10000\LCCC-9901.png","images\9901-10000\LCCC-9901.png","D:\github\ron-english-light-cult-9001-10000\items\lccc-9900.html","9900","CREATED","Created page."
"9902","9902","Light Cult Crypto Club #9902","RE-010534","ron-english-light-cult-9001-10000","D:\github\ron-english-light-cult-9001-10000\items\lccc-9902.html","D:\github\ron-english-light-cult-9001-10000\images\9901-10000\LCCC-9902.png","images\9901-10000\LCCC-9902.png","D:\github\ron-english-light-cult-9001-10000\items\lccc-9901.html","9901","CREATED","Created page."
"9903","9903","Light Cult Crypto Club #9903","RE-010535","ron-english-light-cult-9001-10000","D:\github\ron-english-light-cult-9001-10000\items\lccc-9903.html","D:\github\ron-english-light-cult-9001-10000\images\9901-10000\LCCC-9903.png","images\9901-10000\LCCC-9903.png","D:\github\ron-english-light-cult-9001-10000\items\lccc-9902.html","9902","CREATED","Created page."
"9904","9904","Light Cult Crypto Club #9904","RE-010536","ron-english-light-cult-9001-10000","D:\github\ron-english-light-cult-9001-10000\items\lccc-9904.html","D:\github\ron-english-light-cult-9001-10000\images\9901-10000\LCCC-9904.png","images\9901-10000\LCCC-9904.png","D:\github\ron-english-light-cult-9001-10000\items\lccc-9903.html","9903","CREATED","Created page."
"9905","9905","Light Cult Crypto Club #9905","RE-010537","ron-english-light-cult-9001-10000","D:\github\ron-english-light-cult-9001-10000\items\lccc-9905.html","D:\github\ron-english-light-cult-9001-10000\images\9901-10000\LCCC-9905.png","images\9901-10000\LCCC-9905.png","D:\github\ron-english-light-cult-9001-10000\items\lccc-9904.html","9904","CREATED","Created page."
"9906","9906","Light Cult Crypto Club #9906","RE-010538","ron-english-light-cult-9001-10000","D:\github\ron-english-light-cult-9001-10000\items\lccc-9906.html","D:\github\ron-english-light-cult-9001-10000\images\9901-10000\LCCC-9906.png","images\9901-10000\LCCC-9906.png","D:\github\ron-english-light-cult-9001-10000\items\lccc-9905.html","9905","CREATED","Created page."
"9907","9907","Light Cult Crypto Club #9907","RE-010539","ron-english-light-cult-9001-10000","D:\github\ron-english-light-cult-9001-10000\items\lccc-9907.html","D:\github\ron-english-light-cult-9001-10000\images\9901-10000\LCCC-9907.png","images\9901-10000\LCCC-9907.png","D:\github\ron-english-light-cult-9001-10000\items\lccc-9906.html","9906","CREATED","Created page."
"9908","9908","Light Cult Crypto Club #9908","RE-010540","ron-english-light-cult-9001-10000","D:\github\ron-english-light-cult-9001-10000\items\lccc-9908.html","D:\github\ron-english-light-cult-9001-10000\images\9901-10000\LCCC-9908.png","images\9901-10000\LCCC-9908.png","D:\github\ron-english-light-cult-9001-10000\items\lccc-9907.html","9907","CREATED","Created page."
"9909","9909","Light Cult Crypto Club #9909","RE-010541","ron-english-light-cult-9001-10000","D:\github\ron-english-light-cult-9001-10000\items\lccc-9909.html","D:\github\ron-english-light-cult-9001-10000\images\9901-10000\LCCC-9909.png","images\9901-10000\LCCC-9909.png","D:\github\ron-english-light-cult-9001-10000\items\lccc-9908.html","9908","CREATED","Created page."
"9910","9910","Light Cult Crypto Club #9910","RE-010542","ron-english-light-cult-9001-10000","D:\github\ron-english-light-cult-9001-10000\items\lccc-9910.html","D:\github\ron-english-light-cult-9001-10000\images\9901-10000\LCCC-9910.png","images\9901-10000\LCCC-9910.png","D:\github\ron-english-light-cult-9001-10000\items\lccc-9909.html","9909","CREATED","Created page."
"9911","9911","Light Cult Crypto Club #9911","RE-010543","ron-english-light-cult-9001-10000","D:\github\ron-english-light-cult-9001-10000\items\lccc-9911.html","D:\github\ron-english-light-cult-9001-10000\images\9901-10000\LCCC-9911.png","images\9901-10000\LCCC-9911.png","D:\github\ron-english-light-cult-9001-10000\items\lccc-9910.html","9910","CREATED","Created page."
"9912","9912","Light Cult Crypto Club #9912","RE-010544","ron-english-light-cult-9001-10000","D:\github\ron-english-light-cult-9001-10000\items\lccc-9912.html","D:\github\ron-english-light-cult-9001-10000\images\9901-10000\LCCC-9912.png","images\9901-10000\LCCC-9912.png","D:\github\ron-english-light-cult-9001-10000\items\lccc-9911.html","9911","CREATED","Created page."
"9913","9913","Light Cult Crypto Club #9913","RE-010545","ron-english-light-cult-9001-10000","D:\github\ron-english-light-cult-9001-10000\items\lccc-9913.html","D:\github\ron-english-light-cult-9001-10000\images\9901-10000\LCCC-9913.png","images\9901-10000\LCCC-9913.png","D:\github\ron-english-light-cult-9001-10000\items\lccc-9912.html","9912","CREATED","Created page."
"9914","9914","Light Cult Crypto Club #9914","RE-010546","ron-english-light-cult-9001-10000","D:\github\ron-english-light-cult-9001-10000\items\lccc-9914.html","D:\github\ron-english-light-cult-9001-10000\images\9901-10000\LCCC-9914.png","images\9901-10000\LCCC-9914.png","D:\github\ron-english-light-cult-9001-10000\items\lccc-9913.html","9913","CREATED","Created page."
"9915","9915","Light Cult Crypto Club #9915","RE-010547","ron-english-light-cult-9001-10000","D:\github\ron-english-light-cult-9001-10000\items\lccc-9915.html","D:\github\ron-english-light-cult-9001-10000\images\9901-10000\LCCC-9915.png","images\9901-10000\LCCC-9915.png","D:\github\ron-english-light-cult-9001-10000\items\lccc-9914.html","9914","CREATED","Created page."
"9916","9916","Light Cult Crypto Club #9916","RE-010548","ron-english-light-cult-9001-10000","D:\github\ron-english-light-cult-9001-10000\items\lccc-9916.html","D:\github\ron-english-light-cult-9001-10000\images\9901-10000\LCCC-9916.png","images\9901-10000\LCCC-9916.png","D:\github\ron-english-light-cult-9001-10000\items\lccc-9915.html","9915","CREATED","Created page."
"9917","9917","Light Cult Crypto Club #9917","RE-010549","ron-english-light-cult-9001-10000","D:\github\ron-english-light-cult-9001-10000\items\lccc-9917.html","D:\github\ron-english-light-cult-9001-10000\images\9901-10000\LCCC-9917.png","images\9901-10000\LCCC-9917.png","D:\github\ron-english-light-cult-9001-10000\items\lccc-9916.html","9916","CREATED","Created page."
"9918","9918","Light Cult Crypto Club #9918","RE-010550","ron-english-light-cult-9001-10000","D:\github\ron-english-light-cult-9001-10000\items\lccc-9918.html","D:\github\ron-english-light-cult-9001-10000\images\9901-10000\LCCC-9918.png","images\9901-10000\LCCC-9918.png","D:\github\ron-english-light-cult-9001-10000\items\lccc-9917.html","9917","CREATED","Created page."
"9919","9919","Light Cult Crypto Club #9919","RE-010551","ron-english-light-cult-9001-10000","D:\github\ron-english-light-cult-9001-10000\items\lccc-9919.html","D:\github\ron-english-light-cult-9001-10000\images\9901-10000\LCCC-9919.png","images\9901-10000\LCCC-9919.png","D:\github\ron-english-light-cult-9001-10000\items\lccc-9918.html","9918","CREATED","Created page."
"9920","9920","Light Cult Crypto Club #9920","RE-010552","ron-english-light-cult-9001-10000","D:\github\ron-english-light-cult-9001-10000\items\lccc-9920.html","D:\github\ron-english-light-cult-9001-10000\images\9901-10000\LCCC-9920.png","images\9901-10000\LCCC-9920.png","D:\github\ron-english-light-cult-9001-10000\items\lccc-9919.html","9919","CREATED","Created page."
"9921","9921","Light Cult Crypto Club #9921","RE-010553","ron-english-light-cult-9001-10000","D:\github\ron-english-light-cult-9001-10000\items\lccc-9921.html","D:\github\ron-english-light-cult-9001-10000\images\9901-10000\LCCC-9921.png","images\9901-10000\LCCC-9921.png","D:\github\ron-english-light-cult-9001-10000\items\lccc-9920.html","9920","CREATED","Created page."
"9923","9923","Light Cult Crypto Club #9923","RE-010554","ron-english-light-cult-9001-10000","D:\github\ron-english-light-cult-9001-10000\items\lccc-9923.html","D:\github\ron-english-light-cult-9001-10000\images\9901-10000\LCCC-9923.png","images\9901-10000\LCCC-9923.png","D:\github\ron-english-light-cult-9001-10000\items\lccc-9921.html","9921","CREATED","Created page."
"9924","9924","Light Cult Crypto Club #9924","RE-010555","ron-english-light-cult-9001-10000","D:\github\ron-english-light-cult-9001-10000\items\lccc-9924.html","D:\github\ron-english-light-cult-9001-10000\images\9901-10000\LCCC-9924.png","images\9901-10000\LCCC-9924.png","D:\github\ron-english-light-cult-9001-10000\items\lccc-9923.html","9923","CREATED","Created page."
"9925","9925","Light Cult Crypto Club #9925","RE-010556","ron-english-light-cult-9001-10000","D:\github\ron-english-light-cult-9001-10000\items\lccc-9925.html","D:\github\ron-english-light-cult-9001-10000\images\9901-10000\LCCC-9925.png","images\9901-10000\LCCC-9925.png","D:\github\ron-english-light-cult-9001-10000\items\lccc-9924.html","9924","CREATED","Created page."
"9926","9926","Light Cult Crypto Club #9926","RE-010557","ron-english-light-cult-9001-10000","D:\github\ron-english-light-cult-9001-10000\items\lccc-9926.html","D:\github\ron-english-light-cult-9001-10000\images\9901-10000\LCCC-9926.png","images\9901-10000\LCCC-9926.png","D:\github\ron-english-light-cult-9001-10000\items\lccc-9925.html","9925","CREATED","Created page."
"9927","9927","Light Cult Crypto Club #9927","RE-010558","ron-english-light-cult-9001-10000","D:\github\ron-english-light-cult-9001-10000\items\lccc-9927.html","D:\github\ron-english-light-cult-9001-10000\images\9901-10000\LCCC-9927.png","images\9901-10000\LCCC-9927.png","D:\github\ron-english-light-cult-9001-10000\items\lccc-9926.html","9926","CREATED","Created page."
"9929","9929","Light Cult Crypto Club #9929","RE-010559","ron-english-light-cult-9001-10000","D:\github\ron-english-light-cult-9001-10000\items\lccc-9929.html","D:\github\ron-english-light-cult-9001-10000\images\9901-10000\LCCC-9929.png","images\9901-10000\LCCC-9929.png","D:\github\ron-english-light-cult-9001-10000\items\lccc-9927.html","9927","CREATED","Created page."
"9930","9930","Light Cult Crypto Club #9930","RE-010560","ron-english-light-cult-9001-10000","D:\github\ron-english-light-cult-9001-10000\items\lccc-9930.html","D:\github\ron-english-light-cult-9001-10000\images\9901-10000\LCCC-9930.png","images\9901-10000\LCCC-9930.png","D:\github\ron-english-light-cult-9001-10000\items\lccc-9929.html","9929","CREATED","Created page."
"9933","9933","Light Cult Crypto Club #9933","RE-010561","ron-english-light-cult-9001-10000","D:\github\ron-english-light-cult-9001-10000\items\lccc-9933.html","D:\github\ron-english-light-cult-9001-10000\images\9901-10000\LCCC-9933.png","images\9901-10000\LCCC-9933.png","D:\github\ron-english-light-cult-9001-10000\items\lccc-9930.html","9930","CREATED","Created page."
"9934","9934","Light Cult Crypto Club #9934","RE-010562","ron-english-light-cult-9001-10000","D:\github\ron-english-light-cult-9001-10000\items\lccc-9934.html","D:\github\ron-english-light-cult-9001-10000\images\9901-10000\LCCC-9934.png","images\9901-10000\LCCC-9934.png","D:\github\ron-english-light-cult-9001-10000\items\lccc-9933.html","9933","CREATED","Created page."
"9935","9935","Light Cult Crypto Club #9935","RE-010563","ron-english-light-cult-9001-10000","D:\github\ron-english-light-cult-9001-10000\items\lccc-9935.html","D:\github\ron-english-light-cult-9001-10000\images\9901-10000\LCCC-9935.png","images\9901-10000\LCCC-9935.png","D:\github\ron-english-light-cult-9001-10000\items\lccc-9934.html","9934","CREATED","Created page."
"9936","9936","Light Cult Crypto Club #9936","RE-010564","ron-english-light-cult-9001-10000","D:\github\ron-english-light-cult-9001-10000\items\lccc-9936.html","D:\github\ron-english-light-cult-9001-10000\images\9901-10000\LCCC-9936.png","images\9901-10000\LCCC-9936.png","D:\github\ron-english-light-cult-9001-10000\items\lccc-9935.html","9935","CREATED","Created page."
"9937","9937","Light Cult Crypto Club #9937","RE-010565","ron-english-light-cult-9001-10000","D:\github\ron-english-light-cult-9001-10000\items\lccc-9937.html","D:\github\ron-english-light-cult-9001-10000\images\9901-10000\LCCC-9937.png","images\9901-10000\LCCC-9937.png","D:\github\ron-english-light-cult-9001-10000\items\lccc-9936.html","9936","CREATED","Created page."
"9938","9938","Light Cult Crypto Club #9938","RE-010566","ron-english-light-cult-9001-10000","D:\github\ron-english-light-cult-9001-10000\items\lccc-9938.html","D:\github\ron-english-light-cult-9001-10000\images\9901-10000\LCCC-9938.png","images\9901-10000\LCCC-9938.png","D:\github\ron-english-light-cult-9001-10000\items\lccc-9937.html","9937","CREATED","Created page."
"9939","9939","Light Cult Crypto Club #9939","RE-010567","ron-english-light-cult-9001-10000","D:\github\ron-english-light-cult-9001-10000\items\lccc-9939.html","D:\github\ron-english-light-cult-9001-10000\images\9901-10000\LCCC-9939.png","images\9901-10000\LCCC-9939.png","D:\github\ron-english-light-cult-9001-10000\items\lccc-9938.html","9938","CREATED","Created page."
"9940","9940","Light Cult Crypto Club #9940","RE-010568","ron-english-light-cult-9001-10000","D:\github\ron-english-light-cult-9001-10000\items\lccc-9940.html","D:\github\ron-english-light-cult-9001-10000\images\9901-10000\LCCC-9940.png","images\9901-10000\LCCC-9940.png","D:\github\ron-english-light-cult-9001-10000\items\lccc-9939.html","9939","CREATED","Created page."
"9941","9941","Light Cult Crypto Club #9941","RE-010569","ron-english-light-cult-9001-10000","D:\github\ron-english-light-cult-9001-10000\items\lccc-9941.html","D:\github\ron-english-light-cult-9001-10000\images\9901-10000\LCCC-9941.png","images\9901-10000\LCCC-9941.png","D:\github\ron-english-light-cult-9001-10000\items\lccc-9940.html","9940","CREATED","Created page."
"9942","9942","Light Cult Crypto Club #9942","RE-010570","ron-english-light-cult-9001-10000","D:\github\ron-english-light-cult-9001-10000\items\lccc-9942.html","D:\github\ron-english-light-cult-9001-10000\images\9901-10000\LCCC-9942.png","images\9901-10000\LCCC-9942.png","D:\github\ron-english-light-cult-9001-10000\items\lccc-9941.html","9941","CREATED","Created page."
"9943","9943","Light Cult Crypto Club #9943","RE-010571","ron-english-light-cult-9001-10000","D:\github\ron-english-light-cult-9001-10000\items\lccc-9943.html","D:\github\ron-english-light-cult-9001-10000\images\9901-10000\LCCC-9943.png","images\9901-10000\LCCC-9943.png","D:\github\ron-english-light-cult-9001-10000\items\lccc-9942.html","9942","CREATED","Created page."
"9944","9944","Light Cult Crypto Club #9944","RE-010572","ron-english-light-cult-9001-10000","D:\github\ron-english-light-cult-9001-10000\items\lccc-9944.html","D:\github\ron-english-light-cult-9001-10000\images\9901-10000\LCCC-9944.png","images\9901-10000\LCCC-9944.png","D:\github\ron-english-light-cult-9001-10000\items\lccc-9943.html","9943","CREATED","Created page."
"9945","9945","Light Cult Crypto Club #9945","RE-010573","ron-english-light-cult-9001-10000","D:\github\ron-english-light-cult-9001-10000\items\lccc-9945.html","D:\github\ron-english-light-cult-9001-10000\images\9901-10000\LCCC-9945.png","images\9901-10000\LCCC-9945.png","D:\github\ron-english-light-cult-9001-10000\items\lccc-9944.html","9944","CREATED","Created page."
"9946","9946","Light Cult Crypto Club #9946","RE-010574","ron-english-light-cult-9001-10000","D:\github\ron-english-light-cult-9001-10000\items\lccc-9946.html","D:\github\ron-english-light-cult-9001-10000\images\9901-10000\LCCC-9946.png","images\9901-10000\LCCC-9946.png","D:\github\ron-english-light-cult-9001-10000\items\lccc-9945.html","9945","CREATED","Created page."
"9947","9947","Light Cult Crypto Club #9947","RE-010575","ron-english-light-cult-9001-10000","D:\github\ron-english-light-cult-9001-10000\items\lccc-9947.html","D:\github\ron-english-light-cult-9001-10000\images\9901-10000\LCCC-9947.png","images\9901-10000\LCCC-9947.png","D:\github\ron-english-light-cult-9001-10000\items\lccc-9946.html","9946","CREATED","Created page."
"9948","9948","Light Cult Crypto Club #9948","RE-010576","ron-english-light-cult-9001-10000","D:\github\ron-english-light-cult-9001-10000\items\lccc-9948.html","D:\github\ron-english-light-cult-9001-10000\images\9901-10000\LCCC-9948.png","images\9901-10000\LCCC-9948.png","D:\github\ron-english-light-cult-9001-10000\items\lccc-9947.html","9947","CREATED","Created page."
"9949","9949","Light Cult Crypto Club #9949","RE-010577","ron-english-light-cult-9001-10000","D:\github\ron-english-light-cult-9001-10000\items\lccc-9949.html","D:\github\ron-english-light-cult-9001-10000\images\9901-10000\LCCC-9949.png","images\9901-10000\LCCC-9949.png","D:\github\ron-english-light-cult-9001-10000\items\lccc-9948.html","9948","CREATED","Created page."
"9950","9950","Light Cult Crypto Club #9950","RE-010578","ron-english-light-cult-9001-10000","D:\github\ron-english-light-cult-9001-10000\items\lccc-9950.html","D:\github\ron-english-light-cult-9001-10000\images\9901-10000\LCCC-9950.png","images\9901-10000\LCCC-9950.png","D:\github\ron-english-light-cult-9001-10000\items\lccc-9949.html","9949","CREATED","Created page."
"9951","9951","Light Cult Crypto Club #9951","RE-010579","ron-english-light-cult-9001-10000","D:\github\ron-english-light-cult-9001-10000\items\lccc-9951.html","D:\github\ron-english-light-cult-9001-10000\images\9901-10000\LCCC-9951.png","images\9901-10000\LCCC-9951.png","D:\github\ron-english-light-cult-9001-10000\items\lccc-9950.html","9950","CREATED","Created page."
"9952","9952","Light Cult Crypto Club #9952","RE-010580","ron-english-light-cult-9001-10000","D:\github\ron-english-light-cult-9001-10000\items\lccc-9952.html","D:\github\ron-english-light-cult-9001-10000\images\9901-10000\LCCC-9952.png","images\9901-10000\LCCC-9952.png","D:\github\ron-english-light-cult-9001-10000\items\lccc-9951.html","9951","CREATED","Created page."
"9953","9953","Light Cult Crypto Club #9953","RE-010581","ron-english-light-cult-9001-10000","D:\github\ron-english-light-cult-9001-10000\items\lccc-9953.html","D:\github\ron-english-light-cult-9001-10000\images\9901-10000\LCCC-9953.png","images\9901-10000\LCCC-9953.png","D:\github\ron-english-light-cult-9001-10000\items\lccc-9952.html","9952","CREATED","Created page."
"9954","9954","Light Cult Crypto Club #9954","RE-010582","ron-english-light-cult-9001-10000","D:\github\ron-english-light-cult-9001-10000\items\lccc-9954.html","D:\github\ron-english-light-cult-9001-10000\images\9901-10000\LCCC-9954.png","images\9901-10000\LCCC-9954.png","D:\github\ron-english-light-cult-9001-10000\items\lccc-9953.html","9953","CREATED","Created page."
"9955","9955","Light Cult Crypto Club #9955","RE-010583","ron-english-light-cult-9001-10000","D:\github\ron-english-light-cult-9001-10000\items\lccc-9955.html","D:\github\ron-english-light-cult-9001-10000\images\9901-10000\LCCC-9955.png","images\9901-10000\LCCC-9955.png","D:\github\ron-english-light-cult-9001-10000\items\lccc-9954.html","9954","CREATED","Created page."
"9957","9957","Light Cult Crypto Club #9957","RE-010584","ron-english-light-cult-9001-10000","D:\github\ron-english-light-cult-9001-10000\items\lccc-9957.html","D:\github\ron-english-light-cult-9001-10000\images\9901-10000\LCCC-9957.png","images\9901-10000\LCCC-9957.png","D:\github\ron-english-light-cult-9001-10000\items\lccc-9955.html","9955","CREATED","Created page."
"9958","9958","Light Cult Crypto Club #9958","RE-010585","ron-english-light-cult-9001-10000","D:\github\ron-english-light-cult-9001-10000\items\lccc-9958.html","D:\github\ron-english-light-cult-9001-10000\images\9901-10000\LCCC-9958.png","images\9901-10000\LCCC-9958.png","D:\github\ron-english-light-cult-9001-10000\items\lccc-9957.html","9957","CREATED","Created page."
"9959","9959","Light Cult Crypto Club #9959","RE-010586","ron-english-light-cult-9001-10000","D:\github\ron-english-light-cult-9001-10000\items\lccc-9959.html","D:\github\ron-english-light-cult-9001-10000\images\9901-10000\LCCC-9959.png","images\9901-10000\LCCC-9959.png","D:\github\ron-english-light-cult-9001-10000\items\lccc-9958.html","9958","CREATED","Created page."
"9960","9960","Light Cult Crypto Club #9960","RE-010587","ron-english-light-cult-9001-10000","D:\github\ron-english-light-cult-9001-10000\items\lccc-9960.html","D:\github\ron-english-light-cult-9001-10000\images\9901-10000\LCCC-9960.png","images\9901-10000\LCCC-9960.png","D:\github\ron-english-light-cult-9001-10000\items\lccc-9959.html","9959","CREATED","Created page."
"9961","9961","Light Cult Crypto Club #9961","RE-010588","ron-english-light-cult-9001-10000","D:\github\ron-english-light-cult-9001-10000\items\lccc-9961.html","D:\github\ron-english-light-cult-9001-10000\images\9901-10000\LCCC-9961.png","images\9901-10000\LCCC-9961.png","D:\github\ron-english-light-cult-9001-10000\items\lccc-9960.html","9960","CREATED","Created page."
"9962","9962","Light Cult Crypto Club #9962","RE-010589","ron-english-light-cult-9001-10000","D:\github\ron-english-light-cult-9001-10000\items\lccc-9962.html","D:\github\ron-english-light-cult-9001-10000\images\9901-10000\LCCC-9962.png","images\9901-10000\LCCC-9962.png","D:\github\ron-english-light-cult-9001-10000\items\lccc-9961.html","9961","CREATED","Created page."
"9963","9963","Light Cult Crypto Club #9963","RE-010590","ron-english-light-cult-9001-10000","D:\github\ron-english-light-cult-9001-10000\items\lccc-9963.html","D:\github\ron-english-light-cult-9001-10000\images\9901-10000\LCCC-9963.png","images\9901-10000\LCCC-9963.png","D:\github\ron-english-light-cult-9001-10000\items\lccc-9962.html","9962","CREATED","Created page."
"9964","9964","Light Cult Crypto Club #9964","RE-010591","ron-english-light-cult-9001-10000","D:\github\ron-english-light-cult-9001-10000\items\lccc-9964.html","D:\github\ron-english-light-cult-9001-10000\images\9901-10000\LCCC-9964.png","images\9901-10000\LCCC-9964.png","D:\github\ron-english-light-cult-9001-10000\items\lccc-9963.html","9963","CREATED","Created page."
"9965","9965","Light Cult Crypto Club #9965","RE-010592","ron-english-light-cult-9001-10000","D:\github\ron-english-light-cult-9001-10000\items\lccc-9965.html","D:\github\ron-english-light-cult-9001-10000\images\9901-10000\LCCC-9965.png","images\9901-10000\LCCC-9965.png","D:\github\ron-english-light-cult-9001-10000\items\lccc-9964.html","9964","CREATED","Created page."
"9967","9967","Light Cult Crypto Club #9967","RE-010593","ron-english-light-cult-9001-10000","D:\github\ron-english-light-cult-9001-10000\items\lccc-9967.html","D:\github\ron-english-light-cult-9001-10000\images\9901-10000\LCCC-9967.png","images\9901-10000\LCCC-9967.png","D:\github\ron-english-light-cult-9001-10000\items\lccc-9965.html","9965","CREATED","Created page."
"9968","9968","Light Cult Crypto Club #9968","RE-010594","ron-english-light-cult-9001-10000","D:\github\ron-english-light-cult-9001-10000\items\lccc-9968.html","D:\github\ron-english-light-cult-9001-10000\images\9901-10000\LCCC-9968.png","images\9901-10000\LCCC-9968.png","D:\github\ron-english-light-cult-9001-10000\items\lccc-9967.html","9967","CREATED","Created page."
"9969","9969","Light Cult Crypto Club #9969","RE-010595","ron-english-light-cult-9001-10000","D:\github\ron-english-light-cult-9001-10000\items\lccc-9969.html","D:\github\ron-english-light-cult-9001-10000\images\9901-10000\LCCC-9969.png","images\9901-10000\LCCC-9969.png","D:\github\ron-english-light-cult-9001-10000\items\lccc-9968.html","9968","CREATED","Created page."
"9970","9970","Light Cult Crypto Club #9970","RE-010596","ron-english-light-cult-9001-10000","D:\github\ron-english-light-cult-9001-10000\items\lccc-9970.html","D:\github\ron-english-light-cult-9001-10000\images\9901-10000\LCCC-9970.png","images\9901-10000\LCCC-9970.png","D:\github\ron-english-light-cult-9001-10000\items\lccc-9969.html","9969","CREATED","Created page."
"9971","9971","Light Cult Crypto Club #9971","RE-010597","ron-english-light-cult-9001-10000","D:\github\ron-english-light-cult-9001-10000\items\lccc-9971.html","D:\github\ron-english-light-cult-9001-10000\images\9901-10000\LCCC-9971.png","images\9901-10000\LCCC-9971.png","D:\github\ron-english-light-cult-9001-10000\items\lccc-9970.html","9970","CREATED","Created page."
"9972","9972","Light Cult Crypto Club #9972","RE-010598","ron-english-light-cult-9001-10000","D:\github\ron-english-light-cult-9001-10000\items\lccc-9972.html","D:\github\ron-english-light-cult-9001-10000\images\9901-10000\LCCC-9972.png","images\9901-10000\LCCC-9972.png","D:\github\ron-english-light-cult-9001-10000\items\lccc-9971.html","9971","CREATED","Created page."
"9973","9973","Light Cult Crypto Club #9973","RE-010599","ron-english-light-cult-9001-10000","D:\github\ron-english-light-cult-9001-10000\items\lccc-9973.html","D:\github\ron-english-light-cult-9001-10000\images\9901-10000\LCCC-9973.png","images\9901-10000\LCCC-9973.png","D:\github\ron-english-light-cult-9001-10000\items\lccc-9972.html","9972","CREATED","Created page."
"9974","9974","Light Cult Crypto Club #9974","RE-010600","ron-english-light-cult-9001-10000","D:\github\ron-english-light-cult-9001-10000\items\lccc-9974.html","D:\github\ron-english-light-cult-9001-10000\images\9901-10000\LCCC-9974.png","images\9901-10000\LCCC-9974.png","D:\github\ron-english-light-cult-9001-10000\items\lccc-9973.html","9973","CREATED","Created page."
"9975","9975","Light Cult Crypto Club #9975","RE-010601","ron-english-light-cult-9001-10000","D:\github\ron-english-light-cult-9001-10000\items\lccc-9975.html","D:\github\ron-english-light-cult-9001-10000\images\9901-10000\LCCC-9975.png","images\9901-10000\LCCC-9975.png","D:\github\ron-english-light-cult-9001-10000\items\lccc-9974.html","9974","CREATED","Created page."
"9976","9976","Light Cult Crypto Club #9976","RE-010602","ron-english-light-cult-9001-10000","D:\github\ron-english-light-cult-9001-10000\items\lccc-9976.html","D:\github\ron-english-light-cult-9001-10000\images\9901-10000\LCCC-9976.png","images\9901-10000\LCCC-9976.png","D:\github\ron-english-light-cult-9001-10000\items\lccc-9975.html","9975","CREATED","Created page."
"9977","9977","Light Cult Crypto Club #9977","RE-010603","ron-english-light-cult-9001-10000","D:\github\ron-english-light-cult-9001-10000\items\lccc-9977.html","D:\github\ron-english-light-cult-9001-10000\images\9901-10000\LCCC-9977.png","images\9901-10000\LCCC-9977.png","D:\github\ron-english-light-cult-9001-10000\items\lccc-9976.html","9976","CREATED","Created page."
"9979","9979","Light Cult Crypto Club #9979","RE-010604","ron-english-light-cult-9001-10000","D:\github\ron-english-light-cult-9001-10000\items\lccc-9979.html","D:\github\ron-english-light-cult-9001-10000\images\9901-10000\LCCC-9979.png","images\9901-10000\LCCC-9979.png","D:\github\ron-english-light-cult-9001-10000\items\lccc-9977.html","9977","CREATED","Created page."
"9980","9980","Light Cult Crypto Club #9980","RE-010605","ron-english-light-cult-9001-10000","D:\github\ron-english-light-cult-9001-10000\items\lccc-9980.html","D:\github\ron-english-light-cult-9001-10000\images\9901-10000\LCCC-9980.png","images\9901-10000\LCCC-9980.png","D:\github\ron-english-light-cult-9001-10000\items\lccc-9979.html","9979","CREATED","Created page."
"9981","9981","Light Cult Crypto Club #9981","RE-010606","ron-english-light-cult-9001-10000","D:\github\ron-english-light-cult-9001-10000\items\lccc-9981.html","D:\github\ron-english-light-cult-9001-10000\images\9901-10000\LCCC-9981.png","images\9901-10000\LCCC-9981.png","D:\github\ron-english-light-cult-9001-10000\items\lccc-9980.html","9980","CREATED","Created page."
"9982","9982","Light Cult Crypto Club #9982","RE-010607","ron-english-light-cult-9001-10000","D:\github\ron-english-light-cult-9001-10000\items\lccc-9982.html","D:\github\ron-english-light-cult-9001-10000\images\9901-10000\LCCC-9982.png","images\9901-10000\LCCC-9982.png","D:\github\ron-english-light-cult-9001-10000\items\lccc-9981.html","9981","CREATED","Created page."
"9983","9983","Light Cult Crypto Club #9983","RE-010608","ron-english-light-cult-9001-10000","D:\github\ron-english-light-cult-9001-10000\items\lccc-9983.html","D:\github\ron-english-light-cult-9001-10000\images\9901-10000\LCCC-9983.png","images\9901-10000\LCCC-9983.png","D:\github\ron-english-light-cult-9001-10000\items\lccc-9982.html","9982","CREATED","Created page."
"9984","9984","Light Cult Crypto Club #9984","RE-010609","ron-english-light-cult-9001-10000","D:\github\ron-english-light-cult-9001-10000\items\lccc-9984.html","D:\github\ron-english-light-cult-9001-10000\images\9901-10000\LCCC-9984.png","images\9901-10000\LCCC-9984.png","D:\github\ron-english-light-cult-9001-10000\items\lccc-9983.html","9983","CREATED","Created page."
"9986","9986","Light Cult Crypto Club #9986","RE-010610","ron-english-light-cult-9001-10000","D:\github\ron-english-light-cult-9001-10000\items\lccc-9986.html","D:\github\ron-english-light-cult-9001-10000\images\9901-10000\LCCC-9986.png","images\9901-10000\LCCC-9986.png","D:\github\ron-english-light-cult-9001-10000\items\lccc-9984.html","9984","CREATED","Created page."
"9988","9988","Light Cult Crypto Club #9988","RE-010611","ron-english-light-cult-9001-10000","D:\github\ron-english-light-cult-9001-10000\items\lccc-9988.html","D:\github\ron-english-light-cult-9001-10000\images\9901-10000\LCCC-9988.png","images\9901-10000\LCCC-9988.png","D:\github\ron-english-light-cult-9001-10000\items\lccc-9986.html","9986","CREATED","Created page."
"9989","9989","Light Cult Crypto Club #9989","RE-010612","ron-english-light-cult-9001-10000","D:\github\ron-english-light-cult-9001-10000\items\lccc-9989.html","D:\github\ron-english-light-cult-9001-10000\images\9901-10000\LCCC-9989.png","images\9901-10000\LCCC-9989.png","D:\github\ron-english-light-cult-9001-10000\items\lccc-9988.html","9988","CREATED","Created page."
"9990","9990","Light Cult Crypto Club #9990","RE-010613","ron-english-light-cult-9001-10000","D:\github\ron-english-light-cult-9001-10000\items\lccc-9990.html","D:\github\ron-english-light-cult-9001-10000\images\9901-10000\LCCC-9990.png","images\9901-10000\LCCC-9990.png","D:\github\ron-english-light-cult-9001-10000\items\lccc-9989.html","9989","CREATED","Created page."
"9991","9991","Light Cult Crypto Club #9991","RE-010614","ron-english-light-cult-9001-10000","D:\github\ron-english-light-cult-9001-10000\items\lccc-9991.html","D:\github\ron-english-light-cult-9001-10000\images\9901-10000\LCCC-9991.png","images\9901-10000\LCCC-9991.png","D:\github\ron-english-light-cult-9001-10000\items\lccc-9990.html","9990","CREATED","Created page."
"9992","9992","Light Cult Crypto Club #9992","RE-010615","ron-english-light-cult-9001-10000","D:\github\ron-english-light-cult-9001-10000\items\lccc-9992.html","D:\github\ron-english-light-cult-9001-10000\images\9901-10000\LCCC-9992.png","images\9901-10000\LCCC-9992.png","D:\github\ron-english-light-cult-9001-10000\items\lccc-9991.html","9991","CREATED","Created page."
"9993","9993","Light Cult Crypto Club #9993","RE-010616","ron-english-light-cult-9001-10000","D:\github\ron-english-light-cult-9001-10000\items\lccc-9993.html","D:\github\ron-english-light-cult-9001-10000\images\9901-10000\LCCC-9993.png","images\9901-10000\LCCC-9993.png","D:\github\ron-english-light-cult-9001-10000\items\lccc-9992.html","9992","CREATED","Created page."
"9994","9994","Light Cult Crypto Club #9994","RE-010617","ron-english-light-cult-9001-10000","D:\github\ron-english-light-cult-9001-10000\items\lccc-9994.html","D:\github\ron-english-light-cult-9001-10000\images\9901-10000\LCCC-9994.png","images\9901-10000\LCCC-9994.png","D:\github\ron-english-light-cult-9001-10000\items\lccc-9993.html","9993","CREATED","Created page."
"9995","9995","Light Cult Crypto Club #9995","RE-010618","ron-english-light-cult-9001-10000","D:\github\ron-english-light-cult-9001-10000\items\lccc-9995.html","D:\github\ron-english-light-cult-9001-10000\images\9901-10000\LCCC-9995.png","images\9901-10000\LCCC-9995.png","D:\github\ron-english-light-cult-9001-10000\items\lccc-9994.html","9994","CREATED","Created page."
"9996","9996","Light Cult Crypto Club #9996","RE-010619","ron-english-light-cult-9001-10000","D:\github\ron-english-light-cult-9001-10000\items\lccc-9996.html","D:\github\ron-english-light-cult-9001-10000\images\9901-10000\LCCC-9996.png","images\9901-10000\LCCC-9996.png","D:\github\ron-english-light-cult-9001-10000\items\lccc-9995.html","9995","CREATED","Created page."
"9997","9997","Light Cult Crypto Club #9997","RE-010620","ron-english-light-cult-9001-10000","D:\github\ron-english-light-cult-9001-10000\items\lccc-9997.html","D:\github\ron-english-light-cult-9001-10000\images\9901-10000\LCCC-9997.png","images\9901-10000\LCCC-9997.png","D:\github\ron-english-light-cult-9001-10000\items\lccc-9996.html","9996","CREATED","Created page."
"9998","9998","Light Cult Crypto Club #9998","RE-010621","ron-english-light-cult-9001-10000","D:\github\ron-english-light-cult-9001-10000\items\lccc-9998.html","D:\github\ron-english-light-cult-9001-10000\images\9901-10000\LCCC-9998.png","images\9901-10000\LCCC-9998.png","D:\github\ron-english-light-cult-9001-10000\items\lccc-9997.html","9997","CREATED","Created page."
"9999","9999","Light Cult Crypto Club #9999","RE-010622","ron-english-light-cult-9001-10000","D:\github\ron-english-light-cult-9001-10000\items\lccc-9999.html","D:\github\ron-english-light-cult-9001-10000\images\9901-10000\LCCC-9999.png","images\9901-10000\LCCC-9999.png","D:\github\ron-english-light-cult-9001-10000\items\lccc-9998.html","9998","CREATED","Created page."
"10000","10000","Light Cult Crypto Club #10000","RE-010623","ron-english-light-cult-9001-10000","D:\github\ron-english-light-cult-9001-10000\items\lccc-10000.html","D:\github\ron-english-light-cult-9001-10000\images\9901-10000\LCCC-10000.png","images\9901-10000\LCCC-10000.png","D:\github\ron-english-light-cult-9001-10000\items\lccc-9999.html","9999","CREATED","Created page."
"10001","10001","Light Cult Crypto Club #10001","RE-010624","ron-english-light-cult-9001-10000","D:\github\ron-english-light-cult-9001-10000\items\lccc-10001.html","D:\github\ron-english-light-cult-9001-10000\images\10001-10100\LCCC-10001.png","images\10001-10100\LCCC-10001.png","D:\github\ron-english-light-cult-9001-10000\items\lccc-10000.html","10000","CREATED","Created page."
"10002","10002","Light Cult Crypto Club #10002","RE-010625","ron-english-light-cult-9001-10000","D:\github\ron-english-light-cult-9001-10000\items\lccc-10002.html","D:\github\ron-english-light-cult-9001-10000\images\10001-10100\LCCC-10002.png","images\10001-10100\LCCC-10002.png","D:\github\ron-english-light-cult-9001-10000\items\lccc-10001.html","10001","CREATED","Created page."
"10003","10003","Light Cult Crypto Club #10003","RE-010626","ron-english-light-cult-9001-10000","D:\github\ron-english-light-cult-9001-10000\items\lccc-10003.html","D:\github\ron-english-light-cult-9001-10000\images\10001-10100\LCCC-10003.png","images\10001-10100\LCCC-10003.png","D:\github\ron-english-light-cult-9001-10000\items\lccc-10002.html","10002","CREATED","Created page."
"10004","10004","Light Cult Crypto Club #10004","RE-010627","ron-english-light-cult-9001-10000","D:\github\ron-english-light-cult-9001-10000\items\lccc-10004.html","D:\github\ron-english-light-cult-9001-10000\images\10001-10100\LCCC-10004.png","images\10001-10100\LCCC-10004.png","D:\github\ron-english-light-cult-9001-10000\items\lccc-10003.html","10003","CREATED","Created page."
"10005","10005","Light Cult Crypto Club #10005","RE-010628","ron-english-light-cult-9001-10000","D:\github\ron-english-light-cult-9001-10000\items\lccc-10005.html","D:\github\ron-english-light-cult-9001-10000\images\10001-10100\LCCC-10005.png","images\10001-10100\LCCC-10005.png","D:\github\ron-english-light-cult-9001-10000\items\lccc-10004.html","10004","CREATED","Created page."
