"RepoName","TokenNumber","NewWorkID","ExpectedItemPath","Reason"
"ron-english-light-cult-0001-1000","0","RE-001811","D:\github\ron-english-light-cult-0001-1000\items\lccc-0000.html","Item page missing."
"ron-english-light-cult-9001-10000","9747","RE-010398","D:\github\ron-english-light-cult-9001-10000\items\lccc-9747.html","Item page missing."
"ron-english-light-cult-9001-10000","9748","RE-010399","D:\github\ron-english-light-cult-9001-10000\items\lccc-9748.html","Item page missing."
"ron-english-light-cult-9001-10000","9749","RE-010400","D:\github\ron-english-light-cult-9001-10000\items\lccc-9749.html","Item page missing."
"ron-english-light-cult-9001-10000","9750","RE-010401","D:\github\ron-english-light-cult-9001-10000\items\lccc-9750.html","Item page missing."
"ron-english-light-cult-9001-10000","9751","RE-010402","D:\github\ron-english-light-cult-9001-10000\items\lccc-9751.html","Item page missing."
"ron-english-light-cult-9001-10000","9752","RE-010403","D:\github\ron-english-light-cult-9001-10000\items\lccc-9752.html","Item page missing."
"ron-english-light-cult-9001-10000","9753","RE-010404","D:\github\ron-english-light-cult-9001-10000\items\lccc-9753.html","Item page missing."
"ron-english-light-cult-9001-10000","9754","RE-010405","D:\github\ron-english-light-cult-9001-10000\items\lccc-9754.html","Item page missing."
"ron-english-light-cult-9001-10000","9755","RE-010406","D:\github\ron-english-light-cult-9001-10000\items\lccc-9755.html","Item page missing."
"ron-english-light-cult-9001-10000","9756","RE-010407","D:\github\ron-english-light-cult-9001-10000\items\lccc-9756.html","Item page missing."
"ron-english-light-cult-9001-10000","9757","RE-010408","D:\github\ron-english-light-cult-9001-10000\items\lccc-9757.html","Item page missing."
"ron-english-light-cult-9001-10000","9758","RE-010409","D:\github\ron-english-light-cult-9001-10000\items\lccc-9758.html","Item page missing."
"ron-english-light-cult-9001-10000","9759","RE-010410","D:\github\ron-english-light-cult-9001-10000\items\lccc-9759.html","Item page missing."
"ron-english-light-cult-9001-10000","9761","RE-010411","D:\github\ron-english-light-cult-9001-10000\items\lccc-9761.html","Item page missing."
"ron-english-light-cult-9001-10000","9762","RE-010412","D:\github\ron-english-light-cult-9001-10000\items\lccc-9762.html","Item page missing."
"ron-english-light-cult-9001-10000","9763","RE-010413","D:\github\ron-english-light-cult-9001-10000\items\lccc-9763.html","Item page missing."
"ron-english-light-cult-9001-10000","9764","RE-010414","D:\github\ron-english-light-cult-9001-10000\items\lccc-9764.html","Item page missing."
"ron-english-light-cult-9001-10000","9765","RE-010415","D:\github\ron-english-light-cult-9001-10000\items\lccc-9765.html","Item page missing."
"ron-english-light-cult-9001-10000","9766","RE-010416","D:\github\ron-english-light-cult-9001-10000\items\lccc-9766.html","Item page missing."
"ron-english-light-cult-9001-10000","9767","RE-010417","D:\github\ron-english-light-cult-9001-10000\items\lccc-9767.html","Item page missing."
"ron-english-light-cult-9001-10000","9768","RE-010418","D:\github\ron-english-light-cult-9001-10000\items\lccc-9768.html","Item page missing."
"ron-english-light-cult-9001-10000","9769","RE-010419","D:\github\ron-english-light-cult-9001-10000\items\lccc-9769.html","Item page missing."
"ron-english-light-cult-9001-10000","9770","RE-010420","D:\github\ron-english-light-cult-9001-10000\items\lccc-9770.html","Item page missing."
"ron-english-light-cult-9001-10000","9771","RE-010421","D:\github\ron-english-light-cult-9001-10000\items\lccc-9771.html","Item page missing."
"ron-english-light-cult-9001-10000","9774","RE-010422","D:\github\ron-english-light-cult-9001-10000\items\lccc-9774.html","Item page missing."
"ron-english-light-cult-9001-10000","9775","RE-010423","D:\github\ron-english-light-cult-9001-10000\items\lccc-9775.html","Item page missing."
"ron-english-light-cult-9001-10000","9776","RE-010424","D:\github\ron-english-light-cult-9001-10000\items\lccc-9776.html","Item page missing."
"ron-english-light-cult-9001-10000","9777","RE-010425","D:\github\ron-english-light-cult-9001-10000\items\lccc-9777.html","Item page missing."
"ron-english-light-cult-9001-10000","9778","RE-010426","D:\github\ron-english-light-cult-9001-10000\items\lccc-9778.html","Item page missing."
"ron-english-light-cult-9001-10000","9779","RE-010427","D:\github\ron-english-light-cult-9001-10000\items\lccc-9779.html","Item page missing."
"ron-english-light-cult-9001-10000","9780","RE-010428","D:\github\ron-english-light-cult-9001-10000\items\lccc-9780.html","Item page missing."
"ron-english-light-cult-9001-10000","9781","RE-010429","D:\github\ron-english-light-cult-9001-10000\items\lccc-9781.html","Item page missing."
"ron-english-light-cult-9001-10000","9782","RE-010430","D:\github\ron-english-light-cult-9001-10000\items\lccc-9782.html","Item page missing."
"ron-english-light-cult-9001-10000","9783","RE-010431","D:\github\ron-english-light-cult-9001-10000\items\lccc-9783.html","Item page missing."
"ron-english-light-cult-9001-10000","9784","RE-010432","D:\github\ron-english-light-cult-9001-10000\items\lccc-9784.html","Item page missing."
"ron-english-light-cult-9001-10000","9785","RE-010433","D:\github\ron-english-light-cult-9001-10000\items\lccc-9785.html","Item page missing."
"ron-english-light-cult-9001-10000","9786","RE-010434","D:\github\ron-english-light-cult-9001-10000\items\lccc-9786.html","Item page missing."
"ron-english-light-cult-9001-10000","9787","RE-010435","D:\github\ron-english-light-cult-9001-10000\items\lccc-9787.html","Item page missing."
"ron-english-light-cult-9001-10000","9788","RE-010436","D:\github\ron-english-light-cult-9001-10000\items\lccc-9788.html","Item page missing."
"ron-english-light-cult-9001-10000","9789","RE-010437","D:\github\ron-english-light-cult-9001-10000\items\lccc-9789.html","Item page missing."
"ron-english-light-cult-9001-10000","9790","RE-010438","D:\github\ron-english-light-cult-9001-10000\items\lccc-9790.html","Item page missing."
"ron-english-light-cult-9001-10000","9791","RE-010439","D:\github\ron-english-light-cult-9001-10000\items\lccc-9791.html","Item page missing."
"ron-english-light-cult-9001-10000","9792","RE-010440","D:\github\ron-english-light-cult-9001-10000\items\lccc-9792.html","Item page missing."
"ron-english-light-cult-9001-10000","9793","RE-010441","D:\github\ron-english-light-cult-9001-10000\items\lccc-9793.html","Item page missing."
"ron-english-light-cult-9001-10000","9794","RE-010442","D:\github\ron-english-light-cult-9001-10000\items\lccc-9794.html","Item page missing."
"ron-english-light-cult-9001-10000","9795","RE-010443","D:\github\ron-english-light-cult-9001-10000\items\lccc-9795.html","Item page missing."
"ron-english-light-cult-9001-10000","9798","RE-010444","D:\github\ron-english-light-cult-9001-10000\items\lccc-9798.html","Item page missing."
"ron-english-light-cult-9001-10000","9799","RE-010445","D:\github\ron-english-light-cult-9001-10000\items\lccc-9799.html","Item page missing."
"ron-english-light-cult-9001-10000","9800","RE-010446","D:\github\ron-english-light-cult-9001-10000\items\lccc-9800.html","Item page missing."
"ron-english-light-cult-9001-10000","9801","RE-010447","D:\github\ron-english-light-cult-9001-10000\items\lccc-9801.html","Item page missing."
"ron-english-light-cult-9001-10000","9803","RE-010448","D:\github\ron-english-light-cult-9001-10000\items\lccc-9803.html","Item page missing."
"ron-english-light-cult-9001-10000","9804","RE-010449","D:\github\ron-english-light-cult-9001-10000\items\lccc-9804.html","Item page missing."
"ron-english-light-cult-9001-10000","9806","RE-010450","D:\github\ron-english-light-cult-9001-10000\items\lccc-9806.html","Item page missing."
"ron-english-light-cult-9001-10000","9807","RE-010451","D:\github\ron-english-light-cult-9001-10000\items\lccc-9807.html","Item page missing."
"ron-english-light-cult-9001-10000","9808","RE-010452","D:\github\ron-english-light-cult-9001-10000\items\lccc-9808.html","Item page missing."
"ron-english-light-cult-9001-10000","9809","RE-010453","D:\github\ron-english-light-cult-9001-10000\items\lccc-9809.html","Item page missing."
"ron-english-light-cult-9001-10000","9810","RE-010454","D:\github\ron-english-light-cult-9001-10000\items\lccc-9810.html","Item page missing."
"ron-english-light-cult-9001-10000","9812","RE-010455","D:\github\ron-english-light-cult-9001-10000\items\lccc-9812.html","Item page missing."
"ron-english-light-cult-9001-10000","9813","RE-010456","D:\github\ron-english-light-cult-9001-10000\items\lccc-9813.html","Item page missing."
"ron-english-light-cult-9001-10000","9814","RE-010457","D:\github\ron-english-light-cult-9001-10000\items\lccc-9814.html","Item page missing."
"ron-english-light-cult-9001-10000","9815","RE-010458","D:\github\ron-english-light-cult-9001-10000\items\lccc-9815.html","Item page missing."
"ron-english-light-cult-9001-10000","9816","RE-010459","D:\github\ron-english-light-cult-9001-10000\items\lccc-9816.html","Item page missing."
"ron-english-light-cult-9001-10000","9817","RE-010460","D:\github\ron-english-light-cult-9001-10000\items\lccc-9817.html","Item page missing."
"ron-english-light-cult-9001-10000","9818","RE-010461","D:\github\ron-english-light-cult-9001-10000\items\lccc-9818.html","Item page missing."
"ron-english-light-cult-9001-10000","9819","RE-010462","D:\github\ron-english-light-cult-9001-10000\items\lccc-9819.html","Item page missing."
"ron-english-light-cult-9001-10000","9820","RE-010463","D:\github\ron-english-light-cult-9001-10000\items\lccc-9820.html","Item page missing."
"ron-english-light-cult-9001-10000","9821","RE-010464","D:\github\ron-english-light-cult-9001-10000\items\lccc-9821.html","Item page missing."
"ron-english-light-cult-9001-10000","9822","RE-010465","D:\github\ron-english-light-cult-9001-10000\items\lccc-9822.html","Item page missing."
"ron-english-light-cult-9001-10000","9825","RE-010466","D:\github\ron-english-light-cult-9001-10000\items\lccc-9825.html","Item page missing."
"ron-english-light-cult-9001-10000","9826","RE-010467","D:\github\ron-english-light-cult-9001-10000\items\lccc-9826.html","Item page missing."
"ron-english-light-cult-9001-10000","9827","RE-010468","D:\github\ron-english-light-cult-9001-10000\items\lccc-9827.html","Item page missing."
"ron-english-light-cult-9001-10000","9828","RE-010469","D:\github\ron-english-light-cult-9001-10000\items\lccc-9828.html","Item page missing."
"ron-english-light-cult-9001-10000","9829","RE-010470","D:\github\ron-english-light-cult-9001-10000\items\lccc-9829.html","Item page missing."
"ron-english-light-cult-9001-10000","9830","RE-010471","D:\github\ron-english-light-cult-9001-10000\items\lccc-9830.html","Item page missing."
"ron-english-light-cult-9001-10000","9831","RE-010472","D:\github\ron-english-light-cult-9001-10000\items\lccc-9831.html","Item page missing."
"ron-english-light-cult-9001-10000","9832","RE-010473","D:\github\ron-english-light-cult-9001-10000\items\lccc-9832.html","Item page missing."
"ron-english-light-cult-9001-10000","9834","RE-010474","D:\github\ron-english-light-cult-9001-10000\items\lccc-9834.html","Item page missing."
"ron-english-light-cult-9001-10000","9835","RE-010475","D:\github\ron-english-light-cult-9001-10000\items\lccc-9835.html","Item page missing."
"ron-english-light-cult-9001-10000","9836","RE-010476","D:\github\ron-english-light-cult-9001-10000\items\lccc-9836.html","Item page missing."
"ron-english-light-cult-9001-10000","9837","RE-010477","D:\github\ron-english-light-cult-9001-10000\items\lccc-9837.html","Item page missing."
"ron-english-light-cult-9001-10000","9838","RE-010478","D:\github\ron-english-light-cult-9001-10000\items\lccc-9838.html","Item page missing."
"ron-english-light-cult-9001-10000","9839","RE-010479","D:\github\ron-english-light-cult-9001-10000\items\lccc-9839.html","Item page missing."
"ron-english-light-cult-9001-10000","9840","RE-010480","D:\github\ron-english-light-cult-9001-10000\items\lccc-9840.html","Item page missing."
"ron-english-light-cult-9001-10000","9841","RE-010481","D:\github\ron-english-light-cult-9001-10000\items\lccc-9841.html","Item page missing."
"ron-english-light-cult-9001-10000","9843","RE-010482","D:\github\ron-english-light-cult-9001-10000\items\lccc-9843.html","Item page missing."
"ron-english-light-cult-9001-10000","9844","RE-010483","D:\github\ron-english-light-cult-9001-10000\items\lccc-9844.html","Item page missing."
"ron-english-light-cult-9001-10000","9845","RE-010484","D:\github\ron-english-light-cult-9001-10000\items\lccc-9845.html","Item page missing."
"ron-english-light-cult-9001-10000","9846","RE-010485","D:\github\ron-english-light-cult-9001-10000\items\lccc-9846.html","Item page missing."
"ron-english-light-cult-9001-10000","9847","RE-010486","D:\github\ron-english-light-cult-9001-10000\items\lccc-9847.html","Item page missing."
"ron-english-light-cult-9001-10000","9848","RE-010487","D:\github\ron-english-light-cult-9001-10000\items\lccc-9848.html","Item page missing."
"ron-english-light-cult-9001-10000","9849","RE-010488","D:\github\ron-english-light-cult-9001-10000\items\lccc-9849.html","Item page missing."
"ron-english-light-cult-9001-10000","9850","RE-010489","D:\github\ron-english-light-cult-9001-10000\items\lccc-9850.html","Item page missing."
"ron-english-light-cult-9001-10000","9851","RE-010490","D:\github\ron-english-light-cult-9001-10000\items\lccc-9851.html","Item page missing."
"ron-english-light-cult-9001-10000","9852","RE-010491","D:\github\ron-english-light-cult-9001-10000\items\lccc-9852.html","Item page missing."
"ron-english-light-cult-9001-10000","9853","RE-010492","D:\github\ron-english-light-cult-9001-10000\items\lccc-9853.html","Item page missing."
"ron-english-light-cult-9001-10000","9855","RE-010493","D:\github\ron-english-light-cult-9001-10000\items\lccc-9855.html","Item page missing."
"ron-english-light-cult-9001-10000","9857","RE-010494","D:\github\ron-english-light-cult-9001-10000\items\lccc-9857.html","Item page missing."
"ron-english-light-cult-9001-10000","9859","RE-010495","D:\github\ron-english-light-cult-9001-10000\items\lccc-9859.html","Item page missing."
"ron-english-light-cult-9001-10000","9860","RE-010496","D:\github\ron-english-light-cult-9001-10000\items\lccc-9860.html","Item page missing."
"ron-english-light-cult-9001-10000","9861","RE-010497","D:\github\ron-english-light-cult-9001-10000\items\lccc-9861.html","Item page missing."
"ron-english-light-cult-9001-10000","9862","RE-010498","D:\github\ron-english-light-cult-9001-10000\items\lccc-9862.html","Item page missing."
"ron-english-light-cult-9001-10000","9863","RE-010499","D:\github\ron-english-light-cult-9001-10000\items\lccc-9863.html","Item page missing."
"ron-english-light-cult-9001-10000","9865","RE-010500","D:\github\ron-english-light-cult-9001-10000\items\lccc-9865.html","Item page missing."
"ron-english-light-cult-9001-10000","9866","RE-010501","D:\github\ron-english-light-cult-9001-10000\items\lccc-9866.html","Item page missing."
"ron-english-light-cult-9001-10000","9867","RE-010502","D:\github\ron-english-light-cult-9001-10000\items\lccc-9867.html","Item page missing."
"ron-english-light-cult-9001-10000","9868","RE-010503","D:\github\ron-english-light-cult-9001-10000\items\lccc-9868.html","Item page missing."
"ron-english-light-cult-9001-10000","9869","RE-010504","D:\github\ron-english-light-cult-9001-10000\items\lccc-9869.html","Item page missing."
"ron-english-light-cult-9001-10000","9870","RE-010505","D:\github\ron-english-light-cult-9001-10000\items\lccc-9870.html","Item page missing."
"ron-english-light-cult-9001-10000","9871","RE-010506","D:\github\ron-english-light-cult-9001-10000\items\lccc-9871.html","Item page missing."
"ron-english-light-cult-9001-10000","9872","RE-010507","D:\github\ron-english-light-cult-9001-10000\items\lccc-9872.html","Item page missing."
"ron-english-light-cult-9001-10000","9873","RE-010508","D:\github\ron-english-light-cult-9001-10000\items\lccc-9873.html","Item page missing."
"ron-english-light-cult-9001-10000","9874","RE-010509","D:\github\ron-english-light-cult-9001-10000\items\lccc-9874.html","Item page missing."
"ron-english-light-cult-9001-10000","9875","RE-010510","D:\github\ron-english-light-cult-9001-10000\items\lccc-9875.html","Item page missing."
"ron-english-light-cult-9001-10000","9876","RE-010511","D:\github\ron-english-light-cult-9001-10000\items\lccc-9876.html","Item page missing."
"ron-english-light-cult-9001-10000","9877","RE-010512","D:\github\ron-english-light-cult-9001-10000\items\lccc-9877.html","Item page missing."
"ron-english-light-cult-9001-10000","9878","RE-010513","D:\github\ron-english-light-cult-9001-10000\items\lccc-9878.html","Item page missing."
"ron-english-light-cult-9001-10000","9879","RE-010514","D:\github\ron-english-light-cult-9001-10000\items\lccc-9879.html","Item page missing."
"ron-english-light-cult-9001-10000","9880","RE-010515","D:\github\ron-english-light-cult-9001-10000\items\lccc-9880.html","Item page missing."
"ron-english-light-cult-9001-10000","9882","RE-010516","D:\github\ron-english-light-cult-9001-10000\items\lccc-9882.html","Item page missing."
"ron-english-light-cult-9001-10000","9883","RE-010517","D:\github\ron-english-light-cult-9001-10000\items\lccc-9883.html","Item page missing."
"ron-english-light-cult-9001-10000","9884","RE-010518","D:\github\ron-english-light-cult-9001-10000\items\lccc-9884.html","Item page missing."
"ron-english-light-cult-9001-10000","9885","RE-010519","D:\github\ron-english-light-cult-9001-10000\items\lccc-9885.html","Item page missing."
"ron-english-light-cult-9001-10000","9886","RE-010520","D:\github\ron-english-light-cult-9001-10000\items\lccc-9886.html","Item page missing."
"ron-english-light-cult-9001-10000","9887","RE-010521","D:\github\ron-english-light-cult-9001-10000\items\lccc-9887.html","Item page missing."
"ron-english-light-cult-9001-10000","9888","RE-010522","D:\github\ron-english-light-cult-9001-10000\items\lccc-9888.html","Item page missing."
"ron-english-light-cult-9001-10000","9889","RE-010523","D:\github\ron-english-light-cult-9001-10000\items\lccc-9889.html","Item page missing."
"ron-english-light-cult-9001-10000","9891","RE-010524","D:\github\ron-english-light-cult-9001-10000\items\lccc-9891.html","Item page missing."
"ron-english-light-cult-9001-10000","9892","RE-010525","D:\github\ron-english-light-cult-9001-10000\items\lccc-9892.html","Item page missing."
"ron-english-light-cult-9001-10000","9893","RE-010526","D:\github\ron-english-light-cult-9001-10000\items\lccc-9893.html","Item page missing."
"ron-english-light-cult-9001-10000","9894","RE-010527","D:\github\ron-english-light-cult-9001-10000\items\lccc-9894.html","Item page missing."
"ron-english-light-cult-9001-10000","9895","RE-010528","D:\github\ron-english-light-cult-9001-10000\items\lccc-9895.html","Item page missing."
"ron-english-light-cult-9001-10000","9897","RE-010529","D:\github\ron-english-light-cult-9001-10000\items\lccc-9897.html","Item page missing."
"ron-english-light-cult-9001-10000","9898","RE-010530","D:\github\ron-english-light-cult-9001-10000\items\lccc-9898.html","Item page missing."
"ron-english-light-cult-9001-10000","9899","RE-010531","D:\github\ron-english-light-cult-9001-10000\items\lccc-9899.html","Item page missing."
"ron-english-light-cult-9001-10000","9900","RE-010532","D:\github\ron-english-light-cult-9001-10000\items\lccc-9900.html","Item page missing."
"ron-english-light-cult-9001-10000","9901","RE-010533","D:\github\ron-english-light-cult-9001-10000\items\lccc-9901.html","Item page missing."
"ron-english-light-cult-9001-10000","9902","RE-010534","D:\github\ron-english-light-cult-9001-10000\items\lccc-9902.html","Item page missing."
"ron-english-light-cult-9001-10000","9903","RE-010535","D:\github\ron-english-light-cult-9001-10000\items\lccc-9903.html","Item page missing."
"ron-english-light-cult-9001-10000","9904","RE-010536","D:\github\ron-english-light-cult-9001-10000\items\lccc-9904.html","Item page missing."
"ron-english-light-cult-9001-10000","9905","RE-010537","D:\github\ron-english-light-cult-9001-10000\items\lccc-9905.html","Item page missing."
"ron-english-light-cult-9001-10000","9906","RE-010538","D:\github\ron-english-light-cult-9001-10000\items\lccc-9906.html","Item page missing."
"ron-english-light-cult-9001-10000","9907","RE-010539","D:\github\ron-english-light-cult-9001-10000\items\lccc-9907.html","Item page missing."
"ron-english-light-cult-9001-10000","9908","RE-010540","D:\github\ron-english-light-cult-9001-10000\items\lccc-9908.html","Item page missing."
"ron-english-light-cult-9001-10000","9909","RE-010541","D:\github\ron-english-light-cult-9001-10000\items\lccc-9909.html","Item page missing."
"ron-english-light-cult-9001-10000","9910","RE-010542","D:\github\ron-english-light-cult-9001-10000\items\lccc-9910.html","Item page missing."
"ron-english-light-cult-9001-10000","9911","RE-010543","D:\github\ron-english-light-cult-9001-10000\items\lccc-9911.html","Item page missing."
"ron-english-light-cult-9001-10000","9912","RE-010544","D:\github\ron-english-light-cult-9001-10000\items\lccc-9912.html","Item page missing."
"ron-english-light-cult-9001-10000","9913","RE-010545","D:\github\ron-english-light-cult-9001-10000\items\lccc-9913.html","Item page missing."
"ron-english-light-cult-9001-10000","9914","RE-010546","D:\github\ron-english-light-cult-9001-10000\items\lccc-9914.html","Item page missing."
"ron-english-light-cult-9001-10000","9915","RE-010547","D:\github\ron-english-light-cult-9001-10000\items\lccc-9915.html","Item page missing."
"ron-english-light-cult-9001-10000","9916","RE-010548","D:\github\ron-english-light-cult-9001-10000\items\lccc-9916.html","Item page missing."
"ron-english-light-cult-9001-10000","9917","RE-010549","D:\github\ron-english-light-cult-9001-10000\items\lccc-9917.html","Item page missing."
"ron-english-light-cult-9001-10000","9918","RE-010550","D:\github\ron-english-light-cult-9001-10000\items\lccc-9918.html","Item page missing."
"ron-english-light-cult-9001-10000","9919","RE-010551","D:\github\ron-english-light-cult-9001-10000\items\lccc-9919.html","Item page missing."
"ron-english-light-cult-9001-10000","9920","RE-010552","D:\github\ron-english-light-cult-9001-10000\items\lccc-9920.html","Item page missing."
"ron-english-light-cult-9001-10000","9921","RE-010553","D:\github\ron-english-light-cult-9001-10000\items\lccc-9921.html","Item page missing."
"ron-english-light-cult-9001-10000","9923","RE-010554","D:\github\ron-english-light-cult-9001-10000\items\lccc-9923.html","Item page missing."
"ron-english-light-cult-9001-10000","9924","RE-010555","D:\github\ron-english-light-cult-9001-10000\items\lccc-9924.html","Item page missing."
"ron-english-light-cult-9001-10000","9925","RE-010556","D:\github\ron-english-light-cult-9001-10000\items\lccc-9925.html","Item page missing."
"ron-english-light-cult-9001-10000","9926","RE-010557","D:\github\ron-english-light-cult-9001-10000\items\lccc-9926.html","Item page missing."
"ron-english-light-cult-9001-10000","9927","RE-010558","D:\github\ron-english-light-cult-9001-10000\items\lccc-9927.html","Item page missing."
"ron-english-light-cult-9001-10000","9929","RE-010559","D:\github\ron-english-light-cult-9001-10000\items\lccc-9929.html","Item page missing."
"ron-english-light-cult-9001-10000","9930","RE-010560","D:\github\ron-english-light-cult-9001-10000\items\lccc-9930.html","Item page missing."
"ron-english-light-cult-9001-10000","9933","RE-010561","D:\github\ron-english-light-cult-9001-10000\items\lccc-9933.html","Item page missing."
"ron-english-light-cult-9001-10000","9934","RE-010562","D:\github\ron-english-light-cult-9001-10000\items\lccc-9934.html","Item page missing."
"ron-english-light-cult-9001-10000","9935","RE-010563","D:\github\ron-english-light-cult-9001-10000\items\lccc-9935.html","Item page missing."
"ron-english-light-cult-9001-10000","9936","RE-010564","D:\github\ron-english-light-cult-9001-10000\items\lccc-9936.html","Item page missing."
"ron-english-light-cult-9001-10000","9937","RE-010565","D:\github\ron-english-light-cult-9001-10000\items\lccc-9937.html","Item page missing."
"ron-english-light-cult-9001-10000","9938","RE-010566","D:\github\ron-english-light-cult-9001-10000\items\lccc-9938.html","Item page missing."
"ron-english-light-cult-9001-10000","9939","RE-010567","D:\github\ron-english-light-cult-9001-10000\items\lccc-9939.html","Item page missing."
"ron-english-light-cult-9001-10000","9940","RE-010568","D:\github\ron-english-light-cult-9001-10000\items\lccc-9940.html","Item page missing."
"ron-english-light-cult-9001-10000","9941","RE-010569","D:\github\ron-english-light-cult-9001-10000\items\lccc-9941.html","Item page missing."
"ron-english-light-cult-9001-10000","9942","RE-010570","D:\github\ron-english-light-cult-9001-10000\items\lccc-9942.html","Item page missing."
"ron-english-light-cult-9001-10000","9943","RE-010571","D:\github\ron-english-light-cult-9001-10000\items\lccc-9943.html","Item page missing."
"ron-english-light-cult-9001-10000","9944","RE-010572","D:\github\ron-english-light-cult-9001-10000\items\lccc-9944.html","Item page missing."
"ron-english-light-cult-9001-10000","9945","RE-010573","D:\github\ron-english-light-cult-9001-10000\items\lccc-9945.html","Item page missing."
"ron-english-light-cult-9001-10000","9946","RE-010574","D:\github\ron-english-light-cult-9001-10000\items\lccc-9946.html","Item page missing."
"ron-english-light-cult-9001-10000","9947","RE-010575","D:\github\ron-english-light-cult-9001-10000\items\lccc-9947.html","Item page missing."
"ron-english-light-cult-9001-10000","9948","RE-010576","D:\github\ron-english-light-cult-9001-10000\items\lccc-9948.html","Item page missing."
"ron-english-light-cult-9001-10000","9949","RE-010577","D:\github\ron-english-light-cult-9001-10000\items\lccc-9949.html","Item page missing."
"ron-english-light-cult-9001-10000","9950","RE-010578","D:\github\ron-english-light-cult-9001-10000\items\lccc-9950.html","Item page missing."
"ron-english-light-cult-9001-10000","9951","RE-010579","D:\github\ron-english-light-cult-9001-10000\items\lccc-9951.html","Item page missing."
"ron-english-light-cult-9001-10000","9952","RE-010580","D:\github\ron-english-light-cult-9001-10000\items\lccc-9952.html","Item page missing."
"ron-english-light-cult-9001-10000","9953","RE-010581","D:\github\ron-english-light-cult-9001-10000\items\lccc-9953.html","Item page missing."
"ron-english-light-cult-9001-10000","9954","RE-010582","D:\github\ron-english-light-cult-9001-10000\items\lccc-9954.html","Item page missing."
"ron-english-light-cult-9001-10000","9955","RE-010583","D:\github\ron-english-light-cult-9001-10000\items\lccc-9955.html","Item page missing."
"ron-english-light-cult-9001-10000","9957","RE-010584","D:\github\ron-english-light-cult-9001-10000\items\lccc-9957.html","Item page missing."
"ron-english-light-cult-9001-10000","9958","RE-010585","D:\github\ron-english-light-cult-9001-10000\items\lccc-9958.html","Item page missing."
"ron-english-light-cult-9001-10000","9959","RE-010586","D:\github\ron-english-light-cult-9001-10000\items\lccc-9959.html","Item page missing."
"ron-english-light-cult-9001-10000","9960","RE-010587","D:\github\ron-english-light-cult-9001-10000\items\lccc-9960.html","Item page missing."
"ron-english-light-cult-9001-10000","9961","RE-010588","D:\github\ron-english-light-cult-9001-10000\items\lccc-9961.html","Item page missing."
"ron-english-light-cult-9001-10000","9962","RE-010589","D:\github\ron-english-light-cult-9001-10000\items\lccc-9962.html","Item page missing."
"ron-english-light-cult-9001-10000","9963","RE-010590","D:\github\ron-english-light-cult-9001-10000\items\lccc-9963.html","Item page missing."
"ron-english-light-cult-9001-10000","9964","RE-010591","D:\github\ron-english-light-cult-9001-10000\items\lccc-9964.html","Item page missing."
"ron-english-light-cult-9001-10000","9965","RE-010592","D:\github\ron-english-light-cult-9001-10000\items\lccc-9965.html","Item page missing."
"ron-english-light-cult-9001-10000","9967","RE-010593","D:\github\ron-english-light-cult-9001-10000\items\lccc-9967.html","Item page missing."
"ron-english-light-cult-9001-10000","9968","RE-010594","D:\github\ron-english-light-cult-9001-10000\items\lccc-9968.html","Item page missing."
"ron-english-light-cult-9001-10000","9969","RE-010595","D:\github\ron-english-light-cult-9001-10000\items\lccc-9969.html","Item page missing."
"ron-english-light-cult-9001-10000","9970","RE-010596","D:\github\ron-english-light-cult-9001-10000\items\lccc-9970.html","Item page missing."
"ron-english-light-cult-9001-10000","9971","RE-010597","D:\github\ron-english-light-cult-9001-10000\items\lccc-9971.html","Item page missing."
"ron-english-light-cult-9001-10000","9972","RE-010598","D:\github\ron-english-light-cult-9001-10000\items\lccc-9972.html","Item page missing."
"ron-english-light-cult-9001-10000","9973","RE-010599","D:\github\ron-english-light-cult-9001-10000\items\lccc-9973.html","Item page missing."
"ron-english-light-cult-9001-10000","9974","RE-010600","D:\github\ron-english-light-cult-9001-10000\items\lccc-9974.html","Item page missing."
"ron-english-light-cult-9001-10000","9975","RE-010601","D:\github\ron-english-light-cult-9001-10000\items\lccc-9975.html","Item page missing."
"ron-english-light-cult-9001-10000","9976","RE-010602","D:\github\ron-english-light-cult-9001-10000\items\lccc-9976.html","Item page missing."
"ron-english-light-cult-9001-10000","9977","RE-010603","D:\github\ron-english-light-cult-9001-10000\items\lccc-9977.html","Item page missing."
"ron-english-light-cult-9001-10000","9979","RE-010604","D:\github\ron-english-light-cult-9001-10000\items\lccc-9979.html","Item page missing."
"ron-english-light-cult-9001-10000","9980","RE-010605","D:\github\ron-english-light-cult-9001-10000\items\lccc-9980.html","Item page missing."
"ron-english-light-cult-9001-10000","9981","RE-010606","D:\github\ron-english-light-cult-9001-10000\items\lccc-9981.html","Item page missing."
"ron-english-light-cult-9001-10000","9982","RE-010607","D:\github\ron-english-light-cult-9001-10000\items\lccc-9982.html","Item page missing."
"ron-english-light-cult-9001-10000","9983","RE-010608","D:\github\ron-english-light-cult-9001-10000\items\lccc-9983.html","Item page missing."
"ron-english-light-cult-9001-10000","9984","RE-010609","D:\github\ron-english-light-cult-9001-10000\items\lccc-9984.html","Item page missing."
"ron-english-light-cult-9001-10000","9986","RE-010610","D:\github\ron-english-light-cult-9001-10000\items\lccc-9986.html","Item page missing."
"ron-english-light-cult-9001-10000","9988","RE-010611","D:\github\ron-english-light-cult-9001-10000\items\lccc-9988.html","Item page missing."
"ron-english-light-cult-9001-10000","9989","RE-010612","D:\github\ron-english-light-cult-9001-10000\items\lccc-9989.html","Item page missing."
"ron-english-light-cult-9001-10000","9990","RE-010613","D:\github\ron-english-light-cult-9001-10000\items\lccc-9990.html","Item page missing."
"ron-english-light-cult-9001-10000","9991","RE-010614","D:\github\ron-english-light-cult-9001-10000\items\lccc-9991.html","Item page missing."
"ron-english-light-cult-9001-10000","9992","RE-010615","D:\github\ron-english-light-cult-9001-10000\items\lccc-9992.html","Item page missing."
"ron-english-light-cult-9001-10000","9993","RE-010616","D:\github\ron-english-light-cult-9001-10000\items\lccc-9993.html","Item page missing."
"ron-english-light-cult-9001-10000","9994","RE-010617","D:\github\ron-english-light-cult-9001-10000\items\lccc-9994.html","Item page missing."
"ron-english-light-cult-9001-10000","9995","RE-010618","D:\github\ron-english-light-cult-9001-10000\items\lccc-9995.html","Item page missing."
"ron-english-light-cult-9001-10000","9996","RE-010619","D:\github\ron-english-light-cult-9001-10000\items\lccc-9996.html","Item page missing."
"ron-english-light-cult-9001-10000","9997","RE-010620","D:\github\ron-english-light-cult-9001-10000\items\lccc-9997.html","Item page missing."
"ron-english-light-cult-9001-10000","9998","RE-010621","D:\github\ron-english-light-cult-9001-10000\items\lccc-9998.html","Item page missing."
"ron-english-light-cult-9001-10000","9999","RE-010622","D:\github\ron-english-light-cult-9001-10000\items\lccc-9999.html","Item page missing."
"ron-english-light-cult-9001-10000","10000","RE-010623","D:\github\ron-english-light-cult-9001-10000\items\lccc-10000.html","Item page missing."
"ron-english-light-cult-9001-10000","10001","RE-010624","D:\github\ron-english-light-cult-9001-10000\items\lccc-10001.html","Item page missing."
"ron-english-light-cult-9001-10000","10002","RE-010625","D:\github\ron-english-light-cult-9001-10000\items\lccc-10002.html","Item page missing."
"ron-english-light-cult-9001-10000","10003","RE-010626","D:\github\ron-english-light-cult-9001-10000\items\lccc-10003.html","Item page missing."
"ron-english-light-cult-9001-10000","10004","RE-010627","D:\github\ron-english-light-cult-9001-10000\items\lccc-10004.html","Item page missing."
"ron-english-light-cult-9001-10000","10005","RE-010628","D:\github\ron-english-light-cult-9001-10000\items\lccc-10005.html","Item page missing."
