"RepoName","RepoPath","TokenRows","FirstToken","LastToken","FirstWorkId","LastWorkId"
"ron-english-light-cult-0001-1000","D:\github\ron-english-light-cult-0001-1000","872","0","1000","RE-001811","RE-002682"
"ron-english-light-cult-1001-2000","D:\github\ron-english-light-cult-1001-2000","901","1001","2000","RE-002683","RE-003583"
"ron-english-light-cult-2001-3000","D:\github\ron-english-light-cult-2001-3000","876","2001","3000","RE-003584","RE-004459"
"ron-english-light-cult-3001-4000","D:\github\ron-english-light-cult-3001-4000","896","3002","4000","RE-004460","RE-005355"
"ron-english-light-cult-4001-5000","D:\github\ron-english-light-cult-4001-5000","870","4002","5000","RE-005356","RE-006225"
"ron-english-light-cult-5001-6000","D:\github\ron-english-light-cult-5001-6000","884","5001","6000","RE-006226","RE-007109"
"ron-english-light-cult-6001-7000","D:\github\ron-english-light-cult-6001-7000","870","6001","7000","RE-007110","RE-007979"
"ron-english-light-cult-7001-8000","D:\github\ron-english-light-cult-7001-8000","885","7001","8000","RE-007980","RE-008864"
"ron-english-light-cult-8001-9000","D:\github\ron-english-light-cult-8001-9000","881","8001","9000","RE-008865","RE-009745"
"ron-english-light-cult-9001-10000","D:\github\ron-english-light-cult-9001-10000","883","9001","10005","RE-009746","RE-010628"
