"TokenNumber","TokenPadded","NewWorkID","RepoName","ItemPageExists","ExpectedImagePath","OpenSeaImageURL","DownloadURLUsed","Status","Message","DownloadedBytes"
"0","0000","RE-001811","ron-english-light-cult-0001-1000","NO","D:\github\ron-english-light-cult-0001-1000\images\0001-0100\LCCC-0000.png","https://i2c.seadn.io/ethereum/0xbe85fbd182af91290be7293438ae67549638189f/0833c64e7021b3df79743557579d3214.png?w=350","https://i2c.seadn.io/ethereum/0xbe85fbd182af91290be7293438ae67549638189f/0833c64e7021b3df79743557579d3214.png","READY","Would download.",""
"9747","9747","RE-010398","ron-english-light-cult-9001-10000","NO","D:\github\ron-english-light-cult-9001-10000\images\9701-9800\LCCC-9747.png","https://i2c.seadn.io/ethereum/0xbe85fbd182af91290be7293438ae67549638189f/c00725fb85852be3952fba44dc02b7aa.png?w=350","https://i2c.seadn.io/ethereum/0xbe85fbd182af91290be7293438ae67549638189f/c00725fb85852be3952fba44dc02b7aa.png","READY","Would download.",""
"9748","9748","RE-010399","ron-english-light-cult-9001-10000","NO","D:\github\ron-english-light-cult-9001-10000\images\9701-9800\LCCC-9748.png","https://i2c.seadn.io/ethereum/0xbe85fbd182af91290be7293438ae67549638189f/c6e1aee5d2ed54dd0a948cdbb0debe2f.png?w=350","https://i2c.seadn.io/ethereum/0xbe85fbd182af91290be7293438ae67549638189f/c6e1aee5d2ed54dd0a948cdbb0debe2f.png","READY","Would download.",""
"9749","9749","RE-010400","ron-english-light-cult-9001-10000","NO","D:\github\ron-english-light-cult-9001-10000\images\9701-9800\LCCC-9749.png","https://i2c.seadn.io/ethereum/0xbe85fbd182af91290be7293438ae67549638189f/cf888379e56644b20dc680cedc443500.png?w=350","https://i2c.seadn.io/ethereum/0xbe85fbd182af91290be7293438ae67549638189f/cf888379e56644b20dc680cedc443500.png","READY","Would download.",""
"9750","9750","RE-010401","ron-english-light-cult-9001-10000","NO","D:\github\ron-english-light-cult-9001-10000\images\9701-9800\LCCC-9750.png","https://i2c.seadn.io/ethereum/0xbe85fbd182af91290be7293438ae67549638189f/08152473a4d5137f7c7ee1c1918c5d49.png?w=350","https://i2c.seadn.io/ethereum/0xbe85fbd182af91290be7293438ae67549638189f/08152473a4d5137f7c7ee1c1918c5d49.png","READY","Would download.",""
"9751","9751","RE-010402","ron-english-light-cult-9001-10000","NO","D:\github\ron-english-light-cult-9001-10000\images\9701-9800\LCCC-9751.png","https://i2c.seadn.io/ethereum/0xbe85fbd182af91290be7293438ae67549638189f/226e0b3b91bd1a98f2154250e0837e2e.png?w=350","https://i2c.seadn.io/ethereum/0xbe85fbd182af91290be7293438ae67549638189f/226e0b3b91bd1a98f2154250e0837e2e.png","READY","Would download.",""
"9752","9752","RE-010403","ron-english-light-cult-9001-10000","NO","D:\github\ron-english-light-cult-9001-10000\images\9701-9800\LCCC-9752.png","https://i2c.seadn.io/ethereum/0xbe85fbd182af91290be7293438ae67549638189f/8b224d177caa16c26882a79b8eec8797.png?w=350","https://i2c.seadn.io/ethereum/0xbe85fbd182af91290be7293438ae67549638189f/8b224d177caa16c26882a79b8eec8797.png","READY","Would download.",""
"9753","9753","RE-010404","ron-english-light-cult-9001-10000","NO","D:\github\ron-english-light-cult-9001-10000\images\9701-9800\LCCC-9753.png","https://i2c.seadn.io/ethereum/0xbe85fbd182af91290be7293438ae67549638189f/d0f695da6a73061b315b5554b87032f1.png?w=350","https://i2c.seadn.io/ethereum/0xbe85fbd182af91290be7293438ae67549638189f/d0f695da6a73061b315b5554b87032f1.png","READY","Would download.",""
"9754","9754","RE-010405","ron-english-light-cult-9001-10000","NO","D:\github\ron-english-light-cult-9001-10000\images\9701-9800\LCCC-9754.png","https://i2c.seadn.io/ethereum/0xbe85fbd182af91290be7293438ae67549638189f/97423885dbb60b66e219e017bd8416a8.png?w=350","https://i2c.seadn.io/ethereum/0xbe85fbd182af91290be7293438ae67549638189f/97423885dbb60b66e219e017bd8416a8.png","READY","Would download.",""
"9755","9755","RE-010406","ron-english-light-cult-9001-10000","NO","D:\github\ron-english-light-cult-9001-10000\images\9701-9800\LCCC-9755.png","https://i2c.seadn.io/ethereum/0xbe85fbd182af91290be7293438ae67549638189f/8bda2caa79d275bda367f5f69e202215.png?w=350","https://i2c.seadn.io/ethereum/0xbe85fbd182af91290be7293438ae67549638189f/8bda2caa79d275bda367f5f69e202215.png","READY","Would download.",""
"9756","9756","RE-010407","ron-english-light-cult-9001-10000","NO","D:\github\ron-english-light-cult-9001-10000\images\9701-9800\LCCC-9756.png","https://i2c.seadn.io/ethereum/0xbe85fbd182af91290be7293438ae67549638189f/c437bda4e6ff6cb5c4e775feee2f71b2.png?w=350","https://i2c.seadn.io/ethereum/0xbe85fbd182af91290be7293438ae67549638189f/c437bda4e6ff6cb5c4e775feee2f71b2.png","READY","Would download.",""
"9757","9757","RE-010408","ron-english-light-cult-9001-10000","NO","D:\github\ron-english-light-cult-9001-10000\images\9701-9800\LCCC-9757.png","https://i2c.seadn.io/ethereum/0xbe85fbd182af91290be7293438ae67549638189f/59e935beb8be84a05f14a35a123e277f.png?w=350","https://i2c.seadn.io/ethereum/0xbe85fbd182af91290be7293438ae67549638189f/59e935beb8be84a05f14a35a123e277f.png","READY","Would download.",""
"9758","9758","RE-010409","ron-english-light-cult-9001-10000","NO","D:\github\ron-english-light-cult-9001-10000\images\9701-9800\LCCC-9758.png","https://i2c.seadn.io/ethereum/0xbe85fbd182af91290be7293438ae67549638189f/f09e055a0096b5e616e8f15fc452f2c7.png?w=350","https://i2c.seadn.io/ethereum/0xbe85fbd182af91290be7293438ae67549638189f/f09e055a0096b5e616e8f15fc452f2c7.png","READY","Would download.",""
"9759","9759","RE-010410","ron-english-light-cult-9001-10000","NO","D:\github\ron-english-light-cult-9001-10000\images\9701-9800\LCCC-9759.png","https://i2c.seadn.io/ethereum/0xbe85fbd182af91290be7293438ae67549638189f/90ba04154c5fce155ba1f1b385b65cc6.png?w=350","https://i2c.seadn.io/ethereum/0xbe85fbd182af91290be7293438ae67549638189f/90ba04154c5fce155ba1f1b385b65cc6.png","READY","Would download.",""
"9761","9761","RE-010411","ron-english-light-cult-9001-10000","NO","D:\github\ron-english-light-cult-9001-10000\images\9701-9800\LCCC-9761.png","https://i2c.seadn.io/ethereum/0xbe85fbd182af91290be7293438ae67549638189f/fbebd6d4ecfdae3b0b6b19dd8fd8ae7b.png?w=350","https://i2c.seadn.io/ethereum/0xbe85fbd182af91290be7293438ae67549638189f/fbebd6d4ecfdae3b0b6b19dd8fd8ae7b.png","READY","Would download.",""
"9762","9762","RE-010412","ron-english-light-cult-9001-10000","NO","D:\github\ron-english-light-cult-9001-10000\images\9701-9800\LCCC-9762.png","https://i2c.seadn.io/ethereum/0xbe85fbd182af91290be7293438ae67549638189f/30148c7f3ae2653da5a0456e3688f82e.png?w=350","https://i2c.seadn.io/ethereum/0xbe85fbd182af91290be7293438ae67549638189f/30148c7f3ae2653da5a0456e3688f82e.png","READY","Would download.",""
"9763","9763","RE-010413","ron-english-light-cult-9001-10000","NO","D:\github\ron-english-light-cult-9001-10000\images\9701-9800\LCCC-9763.png","https://i2c.seadn.io/ethereum/0xbe85fbd182af91290be7293438ae67549638189f/aa2dbd23d16a5c1b08c28da7023cb2aa.png?w=350","https://i2c.seadn.io/ethereum/0xbe85fbd182af91290be7293438ae67549638189f/aa2dbd23d16a5c1b08c28da7023cb2aa.png","READY","Would download.",""
"9764","9764","RE-010414","ron-english-light-cult-9001-10000","NO","D:\github\ron-english-light-cult-9001-10000\images\9701-9800\LCCC-9764.png","https://i2c.seadn.io/ethereum/0xbe85fbd182af91290be7293438ae67549638189f/e13fe31b52e6cfde74c64e394e2594f4.png?w=350","https://i2c.seadn.io/ethereum/0xbe85fbd182af91290be7293438ae67549638189f/e13fe31b52e6cfde74c64e394e2594f4.png","READY","Would download.",""
"9765","9765","RE-010415","ron-english-light-cult-9001-10000","NO","D:\github\ron-english-light-cult-9001-10000\images\9701-9800\LCCC-9765.png","https://i2c.seadn.io/ethereum/0xbe85fbd182af91290be7293438ae67549638189f/9562b9dbfa3f8c386c2739db6c810014.png?w=350","https://i2c.seadn.io/ethereum/0xbe85fbd182af91290be7293438ae67549638189f/9562b9dbfa3f8c386c2739db6c810014.png","READY","Would download.",""
"9766","9766","RE-010416","ron-english-light-cult-9001-10000","NO","D:\github\ron-english-light-cult-9001-10000\images\9701-9800\LCCC-9766.png","https://i2c.seadn.io/ethereum/0xbe85fbd182af91290be7293438ae67549638189f/d085cd9fd6e25a1eb1dd0cab82a8f3ef.png?w=350","https://i2c.seadn.io/ethereum/0xbe85fbd182af91290be7293438ae67549638189f/d085cd9fd6e25a1eb1dd0cab82a8f3ef.png","READY","Would download.",""
"9767","9767","RE-010417","ron-english-light-cult-9001-10000","NO","D:\github\ron-english-light-cult-9001-10000\images\9701-9800\LCCC-9767.png","https://i2c.seadn.io/ethereum/0xbe85fbd182af91290be7293438ae67549638189f/1fd45c676dbaf0596e40b9f7ddce2a8b.png?w=350","https://i2c.seadn.io/ethereum/0xbe85fbd182af91290be7293438ae67549638189f/1fd45c676dbaf0596e40b9f7ddce2a8b.png","READY","Would download.",""
"9768","9768","RE-010418","ron-english-light-cult-9001-10000","NO","D:\github\ron-english-light-cult-9001-10000\images\9701-9800\LCCC-9768.png","https://i2c.seadn.io/ethereum/0xbe85fbd182af91290be7293438ae67549638189f/81007f5ac7bb5dd182f8145394e13957.png?w=350","https://i2c.seadn.io/ethereum/0xbe85fbd182af91290be7293438ae67549638189f/81007f5ac7bb5dd182f8145394e13957.png","READY","Would download.",""
"9769","9769","RE-010419","ron-english-light-cult-9001-10000","NO","D:\github\ron-english-light-cult-9001-10000\images\9701-9800\LCCC-9769.png","https://i2c.seadn.io/ethereum/0xbe85fbd182af91290be7293438ae67549638189f/d0eb1d70edc7c2462b43f639a6008929.png?w=350","https://i2c.seadn.io/ethereum/0xbe85fbd182af91290be7293438ae67549638189f/d0eb1d70edc7c2462b43f639a6008929.png","READY","Would download.",""
"9770","9770","RE-010420","ron-english-light-cult-9001-10000","NO","D:\github\ron-english-light-cult-9001-10000\images\9701-9800\LCCC-9770.png","https://i2c.seadn.io/ethereum/0xbe85fbd182af91290be7293438ae67549638189f/0ed4b2ff0f5cdb5cf6702b130d81ea1c.png?w=350","https://i2c.seadn.io/ethereum/0xbe85fbd182af91290be7293438ae67549638189f/0ed4b2ff0f5cdb5cf6702b130d81ea1c.png","READY","Would download.",""
"9771","9771","RE-010421","ron-english-light-cult-9001-10000","NO","D:\github\ron-english-light-cult-9001-10000\images\9701-9800\LCCC-9771.png","https://i2c.seadn.io/ethereum/0xbe85fbd182af91290be7293438ae67549638189f/30931427808f4c5eb13fc0ca341a234b.png?w=350","https://i2c.seadn.io/ethereum/0xbe85fbd182af91290be7293438ae67549638189f/30931427808f4c5eb13fc0ca341a234b.png","READY","Would download.",""
"9774","9774","RE-010422","ron-english-light-cult-9001-10000","NO","D:\github\ron-english-light-cult-9001-10000\images\9701-9800\LCCC-9774.png","https://i2c.seadn.io/ethereum/0xbe85fbd182af91290be7293438ae67549638189f/bde63b76ffa88585fe5719801559a2c8.png?w=350","https://i2c.seadn.io/ethereum/0xbe85fbd182af91290be7293438ae67549638189f/bde63b76ffa88585fe5719801559a2c8.png","READY","Would download.",""
"9775","9775","RE-010423","ron-english-light-cult-9001-10000","NO","D:\github\ron-english-light-cult-9001-10000\images\9701-9800\LCCC-9775.png","https://i2c.seadn.io/ethereum/0xbe85fbd182af91290be7293438ae67549638189f/51863e4752a831295b08ce054801d2cd.png?w=350","https://i2c.seadn.io/ethereum/0xbe85fbd182af91290be7293438ae67549638189f/51863e4752a831295b08ce054801d2cd.png","READY","Would download.",""
"9776","9776","RE-010424","ron-english-light-cult-9001-10000","NO","D:\github\ron-english-light-cult-9001-10000\images\9701-9800\LCCC-9776.png","https://i2c.seadn.io/ethereum/0xbe85fbd182af91290be7293438ae67549638189f/9a71217e869464f34885fbac02481d7a.png?w=350","https://i2c.seadn.io/ethereum/0xbe85fbd182af91290be7293438ae67549638189f/9a71217e869464f34885fbac02481d7a.png","READY","Would download.",""
"9777","9777","RE-010425","ron-english-light-cult-9001-10000","NO","D:\github\ron-english-light-cult-9001-10000\images\9701-9800\LCCC-9777.png","https://i2c.seadn.io/ethereum/0xbe85fbd182af91290be7293438ae67549638189f/0ce02ea5e228406efce618605eddba56.png?w=350","https://i2c.seadn.io/ethereum/0xbe85fbd182af91290be7293438ae67549638189f/0ce02ea5e228406efce618605eddba56.png","READY","Would download.",""
"9778","9778","RE-010426","ron-english-light-cult-9001-10000","NO","D:\github\ron-english-light-cult-9001-10000\images\9701-9800\LCCC-9778.png","https://i2c.seadn.io/ethereum/0xbe85fbd182af91290be7293438ae67549638189f/0667ec44acce1310f1571c6cb8270735.png?w=350","https://i2c.seadn.io/ethereum/0xbe85fbd182af91290be7293438ae67549638189f/0667ec44acce1310f1571c6cb8270735.png","READY","Would download.",""
"9779","9779","RE-010427","ron-english-light-cult-9001-10000","NO","D:\github\ron-english-light-cult-9001-10000\images\9701-9800\LCCC-9779.png","https://i2c.seadn.io/ethereum/0xbe85fbd182af91290be7293438ae67549638189f/580bd903a594cbb3bd8317cc9b381e73.png?w=350","https://i2c.seadn.io/ethereum/0xbe85fbd182af91290be7293438ae67549638189f/580bd903a594cbb3bd8317cc9b381e73.png","READY","Would download.",""
"9780","9780","RE-010428","ron-english-light-cult-9001-10000","NO","D:\github\ron-english-light-cult-9001-10000\images\9701-9800\LCCC-9780.png","https://i2c.seadn.io/ethereum/0xbe85fbd182af91290be7293438ae67549638189f/93bdcbfbee396a7f907ea280bdb64291.png?w=350","https://i2c.seadn.io/ethereum/0xbe85fbd182af91290be7293438ae67549638189f/93bdcbfbee396a7f907ea280bdb64291.png","READY","Would download.",""
"9781","9781","RE-010429","ron-english-light-cult-9001-10000","NO","D:\github\ron-english-light-cult-9001-10000\images\9701-9800\LCCC-9781.png","https://i2c.seadn.io/ethereum/0xbe85fbd182af91290be7293438ae67549638189f/dba6e3b37444a69bb213a4606bf3de67.png?w=350","https://i2c.seadn.io/ethereum/0xbe85fbd182af91290be7293438ae67549638189f/dba6e3b37444a69bb213a4606bf3de67.png","READY","Would download.",""
"9782","9782","RE-010430","ron-english-light-cult-9001-10000","NO","D:\github\ron-english-light-cult-9001-10000\images\9701-9800\LCCC-9782.png","https://i2c.seadn.io/ethereum/0xbe85fbd182af91290be7293438ae67549638189f/c4919310331d8fb0584857bfde60f723.png?w=350","https://i2c.seadn.io/ethereum/0xbe85fbd182af91290be7293438ae67549638189f/c4919310331d8fb0584857bfde60f723.png","READY","Would download.",""
"9783","9783","RE-010431","ron-english-light-cult-9001-10000","NO","D:\github\ron-english-light-cult-9001-10000\images\9701-9800\LCCC-9783.png","https://i2c.seadn.io/ethereum/0xbe85fbd182af91290be7293438ae67549638189f/bf01524233ec62778cb35db495726e0a.png?w=350","https://i2c.seadn.io/ethereum/0xbe85fbd182af91290be7293438ae67549638189f/bf01524233ec62778cb35db495726e0a.png","READY","Would download.",""
"9784","9784","RE-010432","ron-english-light-cult-9001-10000","NO","D:\github\ron-english-light-cult-9001-10000\images\9701-9800\LCCC-9784.png","https://i2c.seadn.io/ethereum/0xbe85fbd182af91290be7293438ae67549638189f/f793bb1fead10546a8243ffe74aff4f1.png?w=350","https://i2c.seadn.io/ethereum/0xbe85fbd182af91290be7293438ae67549638189f/f793bb1fead10546a8243ffe74aff4f1.png","READY","Would download.",""
"9785","9785","RE-010433","ron-english-light-cult-9001-10000","NO","D:\github\ron-english-light-cult-9001-10000\images\9701-9800\LCCC-9785.png","https://i2c.seadn.io/ethereum/0xbe85fbd182af91290be7293438ae67549638189f/f516c73bb68abac509387d724f9e5fb0.png?w=350","https://i2c.seadn.io/ethereum/0xbe85fbd182af91290be7293438ae67549638189f/f516c73bb68abac509387d724f9e5fb0.png","READY","Would download.",""
"9786","9786","RE-010434","ron-english-light-cult-9001-10000","NO","D:\github\ron-english-light-cult-9001-10000\images\9701-9800\LCCC-9786.png","https://i2c.seadn.io/ethereum/0xbe85fbd182af91290be7293438ae67549638189f/f2aa4d0396dd86dd328cbec14d26137b.png?w=350","https://i2c.seadn.io/ethereum/0xbe85fbd182af91290be7293438ae67549638189f/f2aa4d0396dd86dd328cbec14d26137b.png","READY","Would download.",""
"9787","9787","RE-010435","ron-english-light-cult-9001-10000","NO","D:\github\ron-english-light-cult-9001-10000\images\9701-9800\LCCC-9787.png","https://i2c.seadn.io/ethereum/0xbe85fbd182af91290be7293438ae67549638189f/bfc68aacbb55dfd53c7c898e7bcf7225.png?w=350","https://i2c.seadn.io/ethereum/0xbe85fbd182af91290be7293438ae67549638189f/bfc68aacbb55dfd53c7c898e7bcf7225.png","READY","Would download.",""
"9788","9788","RE-010436","ron-english-light-cult-9001-10000","NO","D:\github\ron-english-light-cult-9001-10000\images\9701-9800\LCCC-9788.png","https://i2c.seadn.io/ethereum/0xbe85fbd182af91290be7293438ae67549638189f/867eb1e83e244be58c4216a5cb231119.png?w=350","https://i2c.seadn.io/ethereum/0xbe85fbd182af91290be7293438ae67549638189f/867eb1e83e244be58c4216a5cb231119.png","READY","Would download.",""
"9789","9789","RE-010437","ron-english-light-cult-9001-10000","NO","D:\github\ron-english-light-cult-9001-10000\images\9701-9800\LCCC-9789.png","https://i2c.seadn.io/ethereum/0xbe85fbd182af91290be7293438ae67549638189f/61aba68471d5015dcfdfd8c2017185d7.png?w=350","https://i2c.seadn.io/ethereum/0xbe85fbd182af91290be7293438ae67549638189f/61aba68471d5015dcfdfd8c2017185d7.png","READY","Would download.",""
"9790","9790","RE-010438","ron-english-light-cult-9001-10000","NO","D:\github\ron-english-light-cult-9001-10000\images\9701-9800\LCCC-9790.png","https://i2c.seadn.io/ethereum/0xbe85fbd182af91290be7293438ae67549638189f/2490008228df5a2524a2dbd1c4fdd2af.png?w=350","https://i2c.seadn.io/ethereum/0xbe85fbd182af91290be7293438ae67549638189f/2490008228df5a2524a2dbd1c4fdd2af.png","READY","Would download.",""
"9791","9791","RE-010439","ron-english-light-cult-9001-10000","NO","D:\github\ron-english-light-cult-9001-10000\images\9701-9800\LCCC-9791.png","https://i2c.seadn.io/ethereum/0xbe85fbd182af91290be7293438ae67549638189f/bcac7fd4d0aee8ce4e4ed7aeee852393.png?w=350","https://i2c.seadn.io/ethereum/0xbe85fbd182af91290be7293438ae67549638189f/bcac7fd4d0aee8ce4e4ed7aeee852393.png","READY","Would download.",""
"9792","9792","RE-010440","ron-english-light-cult-9001-10000","NO","D:\github\ron-english-light-cult-9001-10000\images\9701-9800\LCCC-9792.png","https://i2c.seadn.io/ethereum/0xbe85fbd182af91290be7293438ae67549638189f/9aae833f456c685b29c71bf511f41b85.png?w=350","https://i2c.seadn.io/ethereum/0xbe85fbd182af91290be7293438ae67549638189f/9aae833f456c685b29c71bf511f41b85.png","READY","Would download.",""
"9793","9793","RE-010441","ron-english-light-cult-9001-10000","NO","D:\github\ron-english-light-cult-9001-10000\images\9701-9800\LCCC-9793.png","https://i2c.seadn.io/ethereum/0xbe85fbd182af91290be7293438ae67549638189f/405f4ca59b42c8dce46272562564f2d9.png?w=350","https://i2c.seadn.io/ethereum/0xbe85fbd182af91290be7293438ae67549638189f/405f4ca59b42c8dce46272562564f2d9.png","READY","Would download.",""
"9794","9794","RE-010442","ron-english-light-cult-9001-10000","NO","D:\github\ron-english-light-cult-9001-10000\images\9701-9800\LCCC-9794.png","https://i2c.seadn.io/ethereum/0xbe85fbd182af91290be7293438ae67549638189f/313c2edf3b0c0b71c236847e6a373b34.png?w=350","https://i2c.seadn.io/ethereum/0xbe85fbd182af91290be7293438ae67549638189f/313c2edf3b0c0b71c236847e6a373b34.png","READY","Would download.",""
"9795","9795","RE-010443","ron-english-light-cult-9001-10000","NO","D:\github\ron-english-light-cult-9001-10000\images\9701-9800\LCCC-9795.png","https://i2c.seadn.io/ethereum/0xbe85fbd182af91290be7293438ae67549638189f/e093c269414a4a10978c9a60773732f6.png?w=350","https://i2c.seadn.io/ethereum/0xbe85fbd182af91290be7293438ae67549638189f/e093c269414a4a10978c9a60773732f6.png","READY","Would download.",""
"9798","9798","RE-010444","ron-english-light-cult-9001-10000","NO","D:\github\ron-english-light-cult-9001-10000\images\9701-9800\LCCC-9798.png","https://i2c.seadn.io/ethereum/0xbe85fbd182af91290be7293438ae67549638189f/5071b3d9336500fb3ae4f11f2e8ca2c2.png?w=350","https://i2c.seadn.io/ethereum/0xbe85fbd182af91290be7293438ae67549638189f/5071b3d9336500fb3ae4f11f2e8ca2c2.png","READY","Would download.",""
"9799","9799","RE-010445","ron-english-light-cult-9001-10000","NO","D:\github\ron-english-light-cult-9001-10000\images\9701-9800\LCCC-9799.png","https://i2c.seadn.io/ethereum/0xbe85fbd182af91290be7293438ae67549638189f/0d9ef98e51e3a7a768e28b140c5f6014.png?w=350","https://i2c.seadn.io/ethereum/0xbe85fbd182af91290be7293438ae67549638189f/0d9ef98e51e3a7a768e28b140c5f6014.png","READY","Would download.",""
"9800","9800","RE-010446","ron-english-light-cult-9001-10000","NO","D:\github\ron-english-light-cult-9001-10000\images\9701-9800\LCCC-9800.png","https://i2c.seadn.io/ethereum/0xbe85fbd182af91290be7293438ae67549638189f/a501b1d04bd3032e1e3807710d01d1a4.png?w=350","https://i2c.seadn.io/ethereum/0xbe85fbd182af91290be7293438ae67549638189f/a501b1d04bd3032e1e3807710d01d1a4.png","READY","Would download.",""
"9801","9801","RE-010447","ron-english-light-cult-9001-10000","NO","D:\github\ron-english-light-cult-9001-10000\images\9801-9900\LCCC-9801.png","https://i2c.seadn.io/ethereum/0xbe85fbd182af91290be7293438ae67549638189f/7b4bfe5c403e5d6ed10bcfa8cd4a7077.png?w=350","https://i2c.seadn.io/ethereum/0xbe85fbd182af91290be7293438ae67549638189f/7b4bfe5c403e5d6ed10bcfa8cd4a7077.png","READY","Would download.",""
"9803","9803","RE-010448","ron-english-light-cult-9001-10000","NO","D:\github\ron-english-light-cult-9001-10000\images\9801-9900\LCCC-9803.png","https://i2c.seadn.io/ethereum/0xbe85fbd182af91290be7293438ae67549638189f/767dde53d56cb5b4d551a74b3b44f1a8.png?w=350","https://i2c.seadn.io/ethereum/0xbe85fbd182af91290be7293438ae67549638189f/767dde53d56cb5b4d551a74b3b44f1a8.png","READY","Would download.",""
"9804","9804","RE-010449","ron-english-light-cult-9001-10000","NO","D:\github\ron-english-light-cult-9001-10000\images\9801-9900\LCCC-9804.png","https://i2c.seadn.io/ethereum/0xbe85fbd182af91290be7293438ae67549638189f/d0613964159ba9266d2c193c9ffd10b5.png?w=350","https://i2c.seadn.io/ethereum/0xbe85fbd182af91290be7293438ae67549638189f/d0613964159ba9266d2c193c9ffd10b5.png","READY","Would download.",""
"9806","9806","RE-010450","ron-english-light-cult-9001-10000","NO","D:\github\ron-english-light-cult-9001-10000\images\9801-9900\LCCC-9806.png","https://i2c.seadn.io/ethereum/0xbe85fbd182af91290be7293438ae67549638189f/a5cfa9487f317c9032a99f33ba676608.png?w=350","https://i2c.seadn.io/ethereum/0xbe85fbd182af91290be7293438ae67549638189f/a5cfa9487f317c9032a99f33ba676608.png","READY","Would download.",""
"9807","9807","RE-010451","ron-english-light-cult-9001-10000","NO","D:\github\ron-english-light-cult-9001-10000\images\9801-9900\LCCC-9807.png","https://i2c.seadn.io/ethereum/0xbe85fbd182af91290be7293438ae67549638189f/24402d6502db1efc9408490152a17ad3.png?w=350","https://i2c.seadn.io/ethereum/0xbe85fbd182af91290be7293438ae67549638189f/24402d6502db1efc9408490152a17ad3.png","READY","Would download.",""
"9808","9808","RE-010452","ron-english-light-cult-9001-10000","NO","D:\github\ron-english-light-cult-9001-10000\images\9801-9900\LCCC-9808.png","https://i2c.seadn.io/ethereum/0xbe85fbd182af91290be7293438ae67549638189f/eeeae54a60f0af71fc4e49b3c323e3f0.png?w=350","https://i2c.seadn.io/ethereum/0xbe85fbd182af91290be7293438ae67549638189f/eeeae54a60f0af71fc4e49b3c323e3f0.png","READY","Would download.",""
"9809","9809","RE-010453","ron-english-light-cult-9001-10000","NO","D:\github\ron-english-light-cult-9001-10000\images\9801-9900\LCCC-9809.png","https://i2c.seadn.io/ethereum/0xbe85fbd182af91290be7293438ae67549638189f/0380d649b8e0d0fa1cb00dc9a2e3ae24.png?w=350","https://i2c.seadn.io/ethereum/0xbe85fbd182af91290be7293438ae67549638189f/0380d649b8e0d0fa1cb00dc9a2e3ae24.png","READY","Would download.",""
"9810","9810","RE-010454","ron-english-light-cult-9001-10000","NO","D:\github\ron-english-light-cult-9001-10000\images\9801-9900\LCCC-9810.png","https://i2c.seadn.io/ethereum/0xbe85fbd182af91290be7293438ae67549638189f/815ce43d83082fa5528cadaaafdcc149.png?w=350","https://i2c.seadn.io/ethereum/0xbe85fbd182af91290be7293438ae67549638189f/815ce43d83082fa5528cadaaafdcc149.png","READY","Would download.",""
"9812","9812","RE-010455","ron-english-light-cult-9001-10000","NO","D:\github\ron-english-light-cult-9001-10000\images\9801-9900\LCCC-9812.png","https://i2c.seadn.io/ethereum/0xbe85fbd182af91290be7293438ae67549638189f/b5749652b8b0cdeda05a500e3714e971.png?w=350","https://i2c.seadn.io/ethereum/0xbe85fbd182af91290be7293438ae67549638189f/b5749652b8b0cdeda05a500e3714e971.png","READY","Would download.",""
"9813","9813","RE-010456","ron-english-light-cult-9001-10000","NO","D:\github\ron-english-light-cult-9001-10000\images\9801-9900\LCCC-9813.png","https://i2c.seadn.io/ethereum/0xbe85fbd182af91290be7293438ae67549638189f/eb42dfc7bfa1be6acfbe31d167521aa8.png?w=350","https://i2c.seadn.io/ethereum/0xbe85fbd182af91290be7293438ae67549638189f/eb42dfc7bfa1be6acfbe31d167521aa8.png","READY","Would download.",""
"9814","9814","RE-010457","ron-english-light-cult-9001-10000","NO","D:\github\ron-english-light-cult-9001-10000\images\9801-9900\LCCC-9814.png","https://i2c.seadn.io/ethereum/0xbe85fbd182af91290be7293438ae67549638189f/f3d449cafda4bd4d70876fec1d4d28da.png?w=350","https://i2c.seadn.io/ethereum/0xbe85fbd182af91290be7293438ae67549638189f/f3d449cafda4bd4d70876fec1d4d28da.png","READY","Would download.",""
"9815","9815","RE-010458","ron-english-light-cult-9001-10000","NO","D:\github\ron-english-light-cult-9001-10000\images\9801-9900\LCCC-9815.png","https://i2c.seadn.io/ethereum/0xbe85fbd182af91290be7293438ae67549638189f/9030605c9a09ff88c9eb83675f84e385.png?w=350","https://i2c.seadn.io/ethereum/0xbe85fbd182af91290be7293438ae67549638189f/9030605c9a09ff88c9eb83675f84e385.png","READY","Would download.",""
"9816","9816","RE-010459","ron-english-light-cult-9001-10000","NO","D:\github\ron-english-light-cult-9001-10000\images\9801-9900\LCCC-9816.png","https://i2c.seadn.io/ethereum/0xbe85fbd182af91290be7293438ae67549638189f/ed4cce472bf9cb850796bfdc25d56b03.png?w=350","https://i2c.seadn.io/ethereum/0xbe85fbd182af91290be7293438ae67549638189f/ed4cce472bf9cb850796bfdc25d56b03.png","READY","Would download.",""
"9817","9817","RE-010460","ron-english-light-cult-9001-10000","NO","D:\github\ron-english-light-cult-9001-10000\images\9801-9900\LCCC-9817.png","https://i2c.seadn.io/ethereum/0xbe85fbd182af91290be7293438ae67549638189f/73ec314b7c68dca2abdbf56d96265601.png?w=350","https://i2c.seadn.io/ethereum/0xbe85fbd182af91290be7293438ae67549638189f/73ec314b7c68dca2abdbf56d96265601.png","READY","Would download.",""
"9818","9818","RE-010461","ron-english-light-cult-9001-10000","NO","D:\github\ron-english-light-cult-9001-10000\images\9801-9900\LCCC-9818.png","https://i2c.seadn.io/ethereum/0xbe85fbd182af91290be7293438ae67549638189f/00add66719bb11028e69000ff0a4362b.png?w=350","https://i2c.seadn.io/ethereum/0xbe85fbd182af91290be7293438ae67549638189f/00add66719bb11028e69000ff0a4362b.png","READY","Would download.",""
"9819","9819","RE-010462","ron-english-light-cult-9001-10000","NO","D:\github\ron-english-light-cult-9001-10000\images\9801-9900\LCCC-9819.png","https://i2c.seadn.io/ethereum/0xbe85fbd182af91290be7293438ae67549638189f/6ae0d2fa374372a0d985119c16ea132d.png?w=350","https://i2c.seadn.io/ethereum/0xbe85fbd182af91290be7293438ae67549638189f/6ae0d2fa374372a0d985119c16ea132d.png","READY","Would download.",""
"9820","9820","RE-010463","ron-english-light-cult-9001-10000","NO","D:\github\ron-english-light-cult-9001-10000\images\9801-9900\LCCC-9820.png","https://i2c.seadn.io/ethereum/0xbe85fbd182af91290be7293438ae67549638189f/3234d4e690fb51ab601860e75fa72dd2.png?w=350","https://i2c.seadn.io/ethereum/0xbe85fbd182af91290be7293438ae67549638189f/3234d4e690fb51ab601860e75fa72dd2.png","READY","Would download.",""
"9821","9821","RE-010464","ron-english-light-cult-9001-10000","NO","D:\github\ron-english-light-cult-9001-10000\images\9801-9900\LCCC-9821.png","https://i2c.seadn.io/ethereum/0xbe85fbd182af91290be7293438ae67549638189f/55e46dcb59eaee159bb1203857212b0a.png?w=350","https://i2c.seadn.io/ethereum/0xbe85fbd182af91290be7293438ae67549638189f/55e46dcb59eaee159bb1203857212b0a.png","READY","Would download.",""
"9822","9822","RE-010465","ron-english-light-cult-9001-10000","NO","D:\github\ron-english-light-cult-9001-10000\images\9801-9900\LCCC-9822.png","https://i2c.seadn.io/ethereum/0xbe85fbd182af91290be7293438ae67549638189f/5d0f632b194567761481b580df136fb2.png?w=350","https://i2c.seadn.io/ethereum/0xbe85fbd182af91290be7293438ae67549638189f/5d0f632b194567761481b580df136fb2.png","READY","Would download.",""
"9825","9825","RE-010466","ron-english-light-cult-9001-10000","NO","D:\github\ron-english-light-cult-9001-10000\images\9801-9900\LCCC-9825.png","https://i2c.seadn.io/ethereum/0xbe85fbd182af91290be7293438ae67549638189f/151c80e7e5f3dd4b4fb42beac1993fd9.png?w=350","https://i2c.seadn.io/ethereum/0xbe85fbd182af91290be7293438ae67549638189f/151c80e7e5f3dd4b4fb42beac1993fd9.png","READY","Would download.",""
"9826","9826","RE-010467","ron-english-light-cult-9001-10000","NO","D:\github\ron-english-light-cult-9001-10000\images\9801-9900\LCCC-9826.png","https://i2c.seadn.io/ethereum/0xbe85fbd182af91290be7293438ae67549638189f/de27818fa413318bbafcfcd6fc5df2f1.png?w=350","https://i2c.seadn.io/ethereum/0xbe85fbd182af91290be7293438ae67549638189f/de27818fa413318bbafcfcd6fc5df2f1.png","READY","Would download.",""
"9827","9827","RE-010468","ron-english-light-cult-9001-10000","NO","D:\github\ron-english-light-cult-9001-10000\images\9801-9900\LCCC-9827.png","https://i2c.seadn.io/ethereum/0xbe85fbd182af91290be7293438ae67549638189f/96ab8107f1894f774e77d3ff7b9af5a5.png?w=350","https://i2c.seadn.io/ethereum/0xbe85fbd182af91290be7293438ae67549638189f/96ab8107f1894f774e77d3ff7b9af5a5.png","READY","Would download.",""
"9828","9828","RE-010469","ron-english-light-cult-9001-10000","NO","D:\github\ron-english-light-cult-9001-10000\images\9801-9900\LCCC-9828.png","https://i2c.seadn.io/ethereum/0xbe85fbd182af91290be7293438ae67549638189f/12580e9d231de48f2684a313cd9da4dd.png?w=350","https://i2c.seadn.io/ethereum/0xbe85fbd182af91290be7293438ae67549638189f/12580e9d231de48f2684a313cd9da4dd.png","READY","Would download.",""
"9829","9829","RE-010470","ron-english-light-cult-9001-10000","NO","D:\github\ron-english-light-cult-9001-10000\images\9801-9900\LCCC-9829.png","https://i2c.seadn.io/ethereum/0xbe85fbd182af91290be7293438ae67549638189f/544a5db1c8f1061d87e177b4f2f89fd3.png?w=350","https://i2c.seadn.io/ethereum/0xbe85fbd182af91290be7293438ae67549638189f/544a5db1c8f1061d87e177b4f2f89fd3.png","READY","Would download.",""
"9830","9830","RE-010471","ron-english-light-cult-9001-10000","NO","D:\github\ron-english-light-cult-9001-10000\images\9801-9900\LCCC-9830.png","https://i2c.seadn.io/ethereum/0xbe85fbd182af91290be7293438ae67549638189f/6ba29f1ecea59cfb32842ff77234f9af.png?w=350","https://i2c.seadn.io/ethereum/0xbe85fbd182af91290be7293438ae67549638189f/6ba29f1ecea59cfb32842ff77234f9af.png","READY","Would download.",""
"9831","9831","RE-010472","ron-english-light-cult-9001-10000","NO","D:\github\ron-english-light-cult-9001-10000\images\9801-9900\LCCC-9831.png","https://i2c.seadn.io/ethereum/0xbe85fbd182af91290be7293438ae67549638189f/91d4a5eb44d8485b780a3b6326461997.png?w=350","https://i2c.seadn.io/ethereum/0xbe85fbd182af91290be7293438ae67549638189f/91d4a5eb44d8485b780a3b6326461997.png","READY","Would download.",""
"9832","9832","RE-010473","ron-english-light-cult-9001-10000","NO","D:\github\ron-english-light-cult-9001-10000\images\9801-9900\LCCC-9832.png","https://i2c.seadn.io/ethereum/0xbe85fbd182af91290be7293438ae67549638189f/e48e3f4fce3de1bca38e0938d2aa83ff.png?w=350","https://i2c.seadn.io/ethereum/0xbe85fbd182af91290be7293438ae67549638189f/e48e3f4fce3de1bca38e0938d2aa83ff.png","READY","Would download.",""
"9834","9834","RE-010474","ron-english-light-cult-9001-10000","NO","D:\github\ron-english-light-cult-9001-10000\images\9801-9900\LCCC-9834.png","https://i2c.seadn.io/ethereum/0xbe85fbd182af91290be7293438ae67549638189f/b2ead12ae2d7e58eb94b04488c62f7e5.png?w=350","https://i2c.seadn.io/ethereum/0xbe85fbd182af91290be7293438ae67549638189f/b2ead12ae2d7e58eb94b04488c62f7e5.png","READY","Would download.",""
"9835","9835","RE-010475","ron-english-light-cult-9001-10000","NO","D:\github\ron-english-light-cult-9001-10000\images\9801-9900\LCCC-9835.png","https://i2c.seadn.io/ethereum/0xbe85fbd182af91290be7293438ae67549638189f/fcf7b533cd1d5644ad85f79f165583a4.png?w=350","https://i2c.seadn.io/ethereum/0xbe85fbd182af91290be7293438ae67549638189f/fcf7b533cd1d5644ad85f79f165583a4.png","READY","Would download.",""
"9836","9836","RE-010476","ron-english-light-cult-9001-10000","NO","D:\github\ron-english-light-cult-9001-10000\images\9801-9900\LCCC-9836.png","https://i2c.seadn.io/ethereum/0xbe85fbd182af91290be7293438ae67549638189f/e4f74f8b442092eb491fe528ec9fde4a.png?w=350","https://i2c.seadn.io/ethereum/0xbe85fbd182af91290be7293438ae67549638189f/e4f74f8b442092eb491fe528ec9fde4a.png","READY","Would download.",""
"9837","9837","RE-010477","ron-english-light-cult-9001-10000","NO","D:\github\ron-english-light-cult-9001-10000\images\9801-9900\LCCC-9837.png","https://i2c.seadn.io/ethereum/0xbe85fbd182af91290be7293438ae67549638189f/6e73cc2a737a29f7f391ae3da25e1610.png?w=350","https://i2c.seadn.io/ethereum/0xbe85fbd182af91290be7293438ae67549638189f/6e73cc2a737a29f7f391ae3da25e1610.png","READY","Would download.",""
"9838","9838","RE-010478","ron-english-light-cult-9001-10000","NO","D:\github\ron-english-light-cult-9001-10000\images\9801-9900\LCCC-9838.png","https://i2c.seadn.io/ethereum/0xbe85fbd182af91290be7293438ae67549638189f/0ac11a872207f40528aa42623ce43cc3.png?w=350","https://i2c.seadn.io/ethereum/0xbe85fbd182af91290be7293438ae67549638189f/0ac11a872207f40528aa42623ce43cc3.png","READY","Would download.",""
"9839","9839","RE-010479","ron-english-light-cult-9001-10000","NO","D:\github\ron-english-light-cult-9001-10000\images\9801-9900\LCCC-9839.png","https://i2c.seadn.io/ethereum/0xbe85fbd182af91290be7293438ae67549638189f/6694c26ce01ec1dc0a1aa1c1839bd764.png?w=350","https://i2c.seadn.io/ethereum/0xbe85fbd182af91290be7293438ae67549638189f/6694c26ce01ec1dc0a1aa1c1839bd764.png","READY","Would download.",""
"9840","9840","RE-010480","ron-english-light-cult-9001-10000","NO","D:\github\ron-english-light-cult-9001-10000\images\9801-9900\LCCC-9840.png","https://i2c.seadn.io/ethereum/0xbe85fbd182af91290be7293438ae67549638189f/ac8301ba3bad497f78266f4b3ee4e22d.png?w=350","https://i2c.seadn.io/ethereum/0xbe85fbd182af91290be7293438ae67549638189f/ac8301ba3bad497f78266f4b3ee4e22d.png","READY","Would download.",""
"9841","9841","RE-010481","ron-english-light-cult-9001-10000","NO","D:\github\ron-english-light-cult-9001-10000\images\9801-9900\LCCC-9841.png","https://i2c.seadn.io/ethereum/0xbe85fbd182af91290be7293438ae67549638189f/6bc3e792c4a6f7e95816e30800a1c64e.png?w=350","https://i2c.seadn.io/ethereum/0xbe85fbd182af91290be7293438ae67549638189f/6bc3e792c4a6f7e95816e30800a1c64e.png","READY","Would download.",""
"9843","9843","RE-010482","ron-english-light-cult-9001-10000","NO","D:\github\ron-english-light-cult-9001-10000\images\9801-9900\LCCC-9843.png","https://i2c.seadn.io/ethereum/0xbe85fbd182af91290be7293438ae67549638189f/007648db38a72869cb92fcbc20d00649.png?w=350","https://i2c.seadn.io/ethereum/0xbe85fbd182af91290be7293438ae67549638189f/007648db38a72869cb92fcbc20d00649.png","READY","Would download.",""
"9844","9844","RE-010483","ron-english-light-cult-9001-10000","NO","D:\github\ron-english-light-cult-9001-10000\images\9801-9900\LCCC-9844.png","https://i2c.seadn.io/ethereum/0xbe85fbd182af91290be7293438ae67549638189f/161f30ebfb4a8441f73b29a9ac197b16.png?w=350","https://i2c.seadn.io/ethereum/0xbe85fbd182af91290be7293438ae67549638189f/161f30ebfb4a8441f73b29a9ac197b16.png","READY","Would download.",""
"9845","9845","RE-010484","ron-english-light-cult-9001-10000","NO","D:\github\ron-english-light-cult-9001-10000\images\9801-9900\LCCC-9845.png","https://i2c.seadn.io/ethereum/0xbe85fbd182af91290be7293438ae67549638189f/eccc9588482b29ad85aaf6a47d64d485.png?w=350","https://i2c.seadn.io/ethereum/0xbe85fbd182af91290be7293438ae67549638189f/eccc9588482b29ad85aaf6a47d64d485.png","READY","Would download.",""
"9846","9846","RE-010485","ron-english-light-cult-9001-10000","NO","D:\github\ron-english-light-cult-9001-10000\images\9801-9900\LCCC-9846.png","https://i2c.seadn.io/ethereum/0xbe85fbd182af91290be7293438ae67549638189f/b3a565716186094924282a70e09e20f0.png?w=350","https://i2c.seadn.io/ethereum/0xbe85fbd182af91290be7293438ae67549638189f/b3a565716186094924282a70e09e20f0.png","READY","Would download.",""
"9847","9847","RE-010486","ron-english-light-cult-9001-10000","NO","D:\github\ron-english-light-cult-9001-10000\images\9801-9900\LCCC-9847.png","https://i2c.seadn.io/ethereum/0xbe85fbd182af91290be7293438ae67549638189f/5ef545ed02d94651079d9804f27ac866.png?w=350","https://i2c.seadn.io/ethereum/0xbe85fbd182af91290be7293438ae67549638189f/5ef545ed02d94651079d9804f27ac866.png","READY","Would download.",""
"9848","9848","RE-010487","ron-english-light-cult-9001-10000","NO","D:\github\ron-english-light-cult-9001-10000\images\9801-9900\LCCC-9848.png","https://i2c.seadn.io/ethereum/0xbe85fbd182af91290be7293438ae67549638189f/e54a1d2b7d24b376fbafcb8390b36b87.png?w=350","https://i2c.seadn.io/ethereum/0xbe85fbd182af91290be7293438ae67549638189f/e54a1d2b7d24b376fbafcb8390b36b87.png","READY","Would download.",""
"9849","9849","RE-010488","ron-english-light-cult-9001-10000","NO","D:\github\ron-english-light-cult-9001-10000\images\9801-9900\LCCC-9849.png","https://i2c.seadn.io/ethereum/0xbe85fbd182af91290be7293438ae67549638189f/c799728830b2c883b5d9176694c4d871.png?w=350","https://i2c.seadn.io/ethereum/0xbe85fbd182af91290be7293438ae67549638189f/c799728830b2c883b5d9176694c4d871.png","READY","Would download.",""
"9850","9850","RE-010489","ron-english-light-cult-9001-10000","NO","D:\github\ron-english-light-cult-9001-10000\images\9801-9900\LCCC-9850.png","https://i2c.seadn.io/ethereum/0xbe85fbd182af91290be7293438ae67549638189f/1c73accd960944fc99b6cc083fcd4f76.png?w=350","https://i2c.seadn.io/ethereum/0xbe85fbd182af91290be7293438ae67549638189f/1c73accd960944fc99b6cc083fcd4f76.png","READY","Would download.",""
"9851","9851","RE-010490","ron-english-light-cult-9001-10000","NO","D:\github\ron-english-light-cult-9001-10000\images\9801-9900\LCCC-9851.png","https://i2c.seadn.io/ethereum/0xbe85fbd182af91290be7293438ae67549638189f/2a1d5ba17639353e9832b853e3e2f9ab.png?w=350","https://i2c.seadn.io/ethereum/0xbe85fbd182af91290be7293438ae67549638189f/2a1d5ba17639353e9832b853e3e2f9ab.png","READY","Would download.",""
"9852","9852","RE-010491","ron-english-light-cult-9001-10000","NO","D:\github\ron-english-light-cult-9001-10000\images\9801-9900\LCCC-9852.png","https://i2c.seadn.io/ethereum/0xbe85fbd182af91290be7293438ae67549638189f/96a4ccde786fd557a482bc24e6d8f3cd.png?w=350","https://i2c.seadn.io/ethereum/0xbe85fbd182af91290be7293438ae67549638189f/96a4ccde786fd557a482bc24e6d8f3cd.png","READY","Would download.",""
"9853","9853","RE-010492","ron-english-light-cult-9001-10000","NO","D:\github\ron-english-light-cult-9001-10000\images\9801-9900\LCCC-9853.png","https://i2c.seadn.io/ethereum/0xbe85fbd182af91290be7293438ae67549638189f/3c55bc9decb9b4320ed08f815a33e37d.png?w=350","https://i2c.seadn.io/ethereum/0xbe85fbd182af91290be7293438ae67549638189f/3c55bc9decb9b4320ed08f815a33e37d.png","READY","Would download.",""
"9855","9855","RE-010493","ron-english-light-cult-9001-10000","NO","D:\github\ron-english-light-cult-9001-10000\images\9801-9900\LCCC-9855.png","https://i2c.seadn.io/ethereum/0xbe85fbd182af91290be7293438ae67549638189f/0f3036f1ec2d37553bcc06a7dd65b669.png?w=350","https://i2c.seadn.io/ethereum/0xbe85fbd182af91290be7293438ae67549638189f/0f3036f1ec2d37553bcc06a7dd65b669.png","READY","Would download.",""
"9857","9857","RE-010494","ron-english-light-cult-9001-10000","NO","D:\github\ron-english-light-cult-9001-10000\images\9801-9900\LCCC-9857.png","https://i2c.seadn.io/ethereum/0xbe85fbd182af91290be7293438ae67549638189f/3eac232ff5ff6990c3b5634d58fd249a.png?w=350","https://i2c.seadn.io/ethereum/0xbe85fbd182af91290be7293438ae67549638189f/3eac232ff5ff6990c3b5634d58fd249a.png","READY","Would download.",""
"9859","9859","RE-010495","ron-english-light-cult-9001-10000","NO","D:\github\ron-english-light-cult-9001-10000\images\9801-9900\LCCC-9859.png","https://i2c.seadn.io/ethereum/0xbe85fbd182af91290be7293438ae67549638189f/cc3d917c8a974bb03b7831fe05836ed5.png?w=350","https://i2c.seadn.io/ethereum/0xbe85fbd182af91290be7293438ae67549638189f/cc3d917c8a974bb03b7831fe05836ed5.png","READY","Would download.",""
"9860","9860","RE-010496","ron-english-light-cult-9001-10000","NO","D:\github\ron-english-light-cult-9001-10000\images\9801-9900\LCCC-9860.png","https://i2c.seadn.io/ethereum/0xbe85fbd182af91290be7293438ae67549638189f/9d53f770696289f9c4c1dc4f11309c22.png?w=350","https://i2c.seadn.io/ethereum/0xbe85fbd182af91290be7293438ae67549638189f/9d53f770696289f9c4c1dc4f11309c22.png","READY","Would download.",""
"9861","9861","RE-010497","ron-english-light-cult-9001-10000","NO","D:\github\ron-english-light-cult-9001-10000\images\9801-9900\LCCC-9861.png","https://i2c.seadn.io/ethereum/0xbe85fbd182af91290be7293438ae67549638189f/8769c69c962d64812cac896f70e71c4d.png?w=350","https://i2c.seadn.io/ethereum/0xbe85fbd182af91290be7293438ae67549638189f/8769c69c962d64812cac896f70e71c4d.png","READY","Would download.",""
"9862","9862","RE-010498","ron-english-light-cult-9001-10000","NO","D:\github\ron-english-light-cult-9001-10000\images\9801-9900\LCCC-9862.png","https://i2c.seadn.io/ethereum/0xbe85fbd182af91290be7293438ae67549638189f/3ef1474cc0aa05c9b356e47eb24c88f3.png?w=350","https://i2c.seadn.io/ethereum/0xbe85fbd182af91290be7293438ae67549638189f/3ef1474cc0aa05c9b356e47eb24c88f3.png","READY","Would download.",""
"9863","9863","RE-010499","ron-english-light-cult-9001-10000","NO","D:\github\ron-english-light-cult-9001-10000\images\9801-9900\LCCC-9863.png","https://i2c.seadn.io/ethereum/0xbe85fbd182af91290be7293438ae67549638189f/c767ac2529b6be4c9c07be508eeee998.png?w=350","https://i2c.seadn.io/ethereum/0xbe85fbd182af91290be7293438ae67549638189f/c767ac2529b6be4c9c07be508eeee998.png","READY","Would download.",""
"9865","9865","RE-010500","ron-english-light-cult-9001-10000","NO","D:\github\ron-english-light-cult-9001-10000\images\9801-9900\LCCC-9865.png","https://i2c.seadn.io/ethereum/0xbe85fbd182af91290be7293438ae67549638189f/e9a789bb729af9ac2d0a8b7c3316c0d4.png?w=350","https://i2c.seadn.io/ethereum/0xbe85fbd182af91290be7293438ae67549638189f/e9a789bb729af9ac2d0a8b7c3316c0d4.png","READY","Would download.",""
"9866","9866","RE-010501","ron-english-light-cult-9001-10000","NO","D:\github\ron-english-light-cult-9001-10000\images\9801-9900\LCCC-9866.png","https://i2c.seadn.io/ethereum/0xbe85fbd182af91290be7293438ae67549638189f/bd94406bdc0d047252d4075136d9b448.png?w=350","https://i2c.seadn.io/ethereum/0xbe85fbd182af91290be7293438ae67549638189f/bd94406bdc0d047252d4075136d9b448.png","READY","Would download.",""
"9867","9867","RE-010502","ron-english-light-cult-9001-10000","NO","D:\github\ron-english-light-cult-9001-10000\images\9801-9900\LCCC-9867.png","https://i2c.seadn.io/ethereum/0xbe85fbd182af91290be7293438ae67549638189f/b5469e472116fafcf368e520016257f4.png?w=350","https://i2c.seadn.io/ethereum/0xbe85fbd182af91290be7293438ae67549638189f/b5469e472116fafcf368e520016257f4.png","READY","Would download.",""
"9868","9868","RE-010503","ron-english-light-cult-9001-10000","NO","D:\github\ron-english-light-cult-9001-10000\images\9801-9900\LCCC-9868.png","https://i2c.seadn.io/ethereum/0xbe85fbd182af91290be7293438ae67549638189f/696792726952f6cbf1dba3e7a30481c1.png?w=350","https://i2c.seadn.io/ethereum/0xbe85fbd182af91290be7293438ae67549638189f/696792726952f6cbf1dba3e7a30481c1.png","READY","Would download.",""
"9869","9869","RE-010504","ron-english-light-cult-9001-10000","NO","D:\github\ron-english-light-cult-9001-10000\images\9801-9900\LCCC-9869.png","https://i2c.seadn.io/ethereum/0xbe85fbd182af91290be7293438ae67549638189f/b2b11b023a91387794b508b68cc97b0d.png?w=350","https://i2c.seadn.io/ethereum/0xbe85fbd182af91290be7293438ae67549638189f/b2b11b023a91387794b508b68cc97b0d.png","READY","Would download.",""
"9870","9870","RE-010505","ron-english-light-cult-9001-10000","NO","D:\github\ron-english-light-cult-9001-10000\images\9801-9900\LCCC-9870.png","https://i2c.seadn.io/ethereum/0xbe85fbd182af91290be7293438ae67549638189f/d3a8ef230b1f0b4435608a8a1f465c80.png?w=350","https://i2c.seadn.io/ethereum/0xbe85fbd182af91290be7293438ae67549638189f/d3a8ef230b1f0b4435608a8a1f465c80.png","READY","Would download.",""
"9871","9871","RE-010506","ron-english-light-cult-9001-10000","NO","D:\github\ron-english-light-cult-9001-10000\images\9801-9900\LCCC-9871.png","https://i2c.seadn.io/ethereum/0xbe85fbd182af91290be7293438ae67549638189f/a2f716e89f76e241dffdfd9d3c34277f.png?w=350","https://i2c.seadn.io/ethereum/0xbe85fbd182af91290be7293438ae67549638189f/a2f716e89f76e241dffdfd9d3c34277f.png","READY","Would download.",""
"9872","9872","RE-010507","ron-english-light-cult-9001-10000","NO","D:\github\ron-english-light-cult-9001-10000\images\9801-9900\LCCC-9872.png","https://i2c.seadn.io/ethereum/0xbe85fbd182af91290be7293438ae67549638189f/07ee0cae1a9510d287c8db4e3aeb94d9.png?w=350","https://i2c.seadn.io/ethereum/0xbe85fbd182af91290be7293438ae67549638189f/07ee0cae1a9510d287c8db4e3aeb94d9.png","READY","Would download.",""
"9873","9873","RE-010508","ron-english-light-cult-9001-10000","NO","D:\github\ron-english-light-cult-9001-10000\images\9801-9900\LCCC-9873.png","https://i2c.seadn.io/ethereum/0xbe85fbd182af91290be7293438ae67549638189f/bc5bd89533b64e1ce41c26cd3fd54591.png?w=350","https://i2c.seadn.io/ethereum/0xbe85fbd182af91290be7293438ae67549638189f/bc5bd89533b64e1ce41c26cd3fd54591.png","READY","Would download.",""
"9874","9874","RE-010509","ron-english-light-cult-9001-10000","NO","D:\github\ron-english-light-cult-9001-10000\images\9801-9900\LCCC-9874.png","https://i2c.seadn.io/ethereum/0xbe85fbd182af91290be7293438ae67549638189f/755ad5832b888f3294758fc87d3ef7ca.png?w=350","https://i2c.seadn.io/ethereum/0xbe85fbd182af91290be7293438ae67549638189f/755ad5832b888f3294758fc87d3ef7ca.png","READY","Would download.",""
"9875","9875","RE-010510","ron-english-light-cult-9001-10000","NO","D:\github\ron-english-light-cult-9001-10000\images\9801-9900\LCCC-9875.png","https://i2c.seadn.io/ethereum/0xbe85fbd182af91290be7293438ae67549638189f/0d15d1f896f64650fa44fe4681fff734.png?w=350","https://i2c.seadn.io/ethereum/0xbe85fbd182af91290be7293438ae67549638189f/0d15d1f896f64650fa44fe4681fff734.png","READY","Would download.",""
"9876","9876","RE-010511","ron-english-light-cult-9001-10000","NO","D:\github\ron-english-light-cult-9001-10000\images\9801-9900\LCCC-9876.png","https://i2c.seadn.io/ethereum/0xbe85fbd182af91290be7293438ae67549638189f/5d869e9d5e4d86e8de8f9213d655afba.png?w=350","https://i2c.seadn.io/ethereum/0xbe85fbd182af91290be7293438ae67549638189f/5d869e9d5e4d86e8de8f9213d655afba.png","READY","Would download.",""
"9877","9877","RE-010512","ron-english-light-cult-9001-10000","NO","D:\github\ron-english-light-cult-9001-10000\images\9801-9900\LCCC-9877.png","https://i2c.seadn.io/ethereum/0xbe85fbd182af91290be7293438ae67549638189f/ed2a85675351cd68982f6b8ae1506dc7.png?w=350","https://i2c.seadn.io/ethereum/0xbe85fbd182af91290be7293438ae67549638189f/ed2a85675351cd68982f6b8ae1506dc7.png","READY","Would download.",""
"9878","9878","RE-010513","ron-english-light-cult-9001-10000","NO","D:\github\ron-english-light-cult-9001-10000\images\9801-9900\LCCC-9878.png","https://i2c.seadn.io/ethereum/0xbe85fbd182af91290be7293438ae67549638189f/2361f0a397b459460139e750acfb98b5.png?w=350","https://i2c.seadn.io/ethereum/0xbe85fbd182af91290be7293438ae67549638189f/2361f0a397b459460139e750acfb98b5.png","READY","Would download.",""
"9879","9879","RE-010514","ron-english-light-cult-9001-10000","NO","D:\github\ron-english-light-cult-9001-10000\images\9801-9900\LCCC-9879.png","https://i2c.seadn.io/ethereum/0xbe85fbd182af91290be7293438ae67549638189f/5fe891ee451971e0a08b5e5e49cc51f0.png?w=350","https://i2c.seadn.io/ethereum/0xbe85fbd182af91290be7293438ae67549638189f/5fe891ee451971e0a08b5e5e49cc51f0.png","READY","Would download.",""
"9880","9880","RE-010515","ron-english-light-cult-9001-10000","NO","D:\github\ron-english-light-cult-9001-10000\images\9801-9900\LCCC-9880.png","https://i2c.seadn.io/ethereum/0xbe85fbd182af91290be7293438ae67549638189f/e9ec1d6dbfb1b305d64fa38c51fb72bc.png?w=350","https://i2c.seadn.io/ethereum/0xbe85fbd182af91290be7293438ae67549638189f/e9ec1d6dbfb1b305d64fa38c51fb72bc.png","READY","Would download.",""
"9882","9882","RE-010516","ron-english-light-cult-9001-10000","NO","D:\github\ron-english-light-cult-9001-10000\images\9801-9900\LCCC-9882.png","https://i2c.seadn.io/ethereum/0xbe85fbd182af91290be7293438ae67549638189f/acca73ffc3d14e2e91c3bf53964cbf33.png?w=350","https://i2c.seadn.io/ethereum/0xbe85fbd182af91290be7293438ae67549638189f/acca73ffc3d14e2e91c3bf53964cbf33.png","READY","Would download.",""
"9883","9883","RE-010517","ron-english-light-cult-9001-10000","NO","D:\github\ron-english-light-cult-9001-10000\images\9801-9900\LCCC-9883.png","https://i2c.seadn.io/ethereum/0xbe85fbd182af91290be7293438ae67549638189f/3a0ac1df0c4d2039d3527f9a82c3b308.png?w=350","https://i2c.seadn.io/ethereum/0xbe85fbd182af91290be7293438ae67549638189f/3a0ac1df0c4d2039d3527f9a82c3b308.png","READY","Would download.",""
"9884","9884","RE-010518","ron-english-light-cult-9001-10000","NO","D:\github\ron-english-light-cult-9001-10000\images\9801-9900\LCCC-9884.png","https://i2c.seadn.io/ethereum/0xbe85fbd182af91290be7293438ae67549638189f/ad6960072bad33ce0fa755c7dd83f9b2.png?w=350","https://i2c.seadn.io/ethereum/0xbe85fbd182af91290be7293438ae67549638189f/ad6960072bad33ce0fa755c7dd83f9b2.png","READY","Would download.",""
"9885","9885","RE-010519","ron-english-light-cult-9001-10000","NO","D:\github\ron-english-light-cult-9001-10000\images\9801-9900\LCCC-9885.png","https://i2c.seadn.io/ethereum/0xbe85fbd182af91290be7293438ae67549638189f/daeba710a5bedc46811d29e8b5eebdf8.png?w=350","https://i2c.seadn.io/ethereum/0xbe85fbd182af91290be7293438ae67549638189f/daeba710a5bedc46811d29e8b5eebdf8.png","READY","Would download.",""
"9886","9886","RE-010520","ron-english-light-cult-9001-10000","NO","D:\github\ron-english-light-cult-9001-10000\images\9801-9900\LCCC-9886.png","https://i2c.seadn.io/ethereum/0xbe85fbd182af91290be7293438ae67549638189f/4b85e6054b8515465a818376e36155d3.png?w=350","https://i2c.seadn.io/ethereum/0xbe85fbd182af91290be7293438ae67549638189f/4b85e6054b8515465a818376e36155d3.png","READY","Would download.",""
"9887","9887","RE-010521","ron-english-light-cult-9001-10000","NO","D:\github\ron-english-light-cult-9001-10000\images\9801-9900\LCCC-9887.png","https://i2c.seadn.io/ethereum/0xbe85fbd182af91290be7293438ae67549638189f/1815027604c3553c978d0b049f16634d.png?w=350","https://i2c.seadn.io/ethereum/0xbe85fbd182af91290be7293438ae67549638189f/1815027604c3553c978d0b049f16634d.png","READY","Would download.",""
"9888","9888","RE-010522","ron-english-light-cult-9001-10000","NO","D:\github\ron-english-light-cult-9001-10000\images\9801-9900\LCCC-9888.png","https://i2c.seadn.io/ethereum/0xbe85fbd182af91290be7293438ae67549638189f/8990ae831ec0e255b3c1701beb290c17.png?w=350","https://i2c.seadn.io/ethereum/0xbe85fbd182af91290be7293438ae67549638189f/8990ae831ec0e255b3c1701beb290c17.png","READY","Would download.",""
"9889","9889","RE-010523","ron-english-light-cult-9001-10000","NO","D:\github\ron-english-light-cult-9001-10000\images\9801-9900\LCCC-9889.png","https://i2c.seadn.io/ethereum/0xbe85fbd182af91290be7293438ae67549638189f/ae5faaf0aead9b5c246a43bf910dae1d.png?w=350","https://i2c.seadn.io/ethereum/0xbe85fbd182af91290be7293438ae67549638189f/ae5faaf0aead9b5c246a43bf910dae1d.png","READY","Would download.",""
"9891","9891","RE-010524","ron-english-light-cult-9001-10000","NO","D:\github\ron-english-light-cult-9001-10000\images\9801-9900\LCCC-9891.png","https://i2c.seadn.io/ethereum/0xbe85fbd182af91290be7293438ae67549638189f/7157807410eb13a27a3647466340fe22.png?w=350","https://i2c.seadn.io/ethereum/0xbe85fbd182af91290be7293438ae67549638189f/7157807410eb13a27a3647466340fe22.png","READY","Would download.",""
"9892","9892","RE-010525","ron-english-light-cult-9001-10000","NO","D:\github\ron-english-light-cult-9001-10000\images\9801-9900\LCCC-9892.png","https://i2c.seadn.io/ethereum/0xbe85fbd182af91290be7293438ae67549638189f/6dde0a01811dfe39e67968e23b90de30.png?w=350","https://i2c.seadn.io/ethereum/0xbe85fbd182af91290be7293438ae67549638189f/6dde0a01811dfe39e67968e23b90de30.png","READY","Would download.",""
"9893","9893","RE-010526","ron-english-light-cult-9001-10000","NO","D:\github\ron-english-light-cult-9001-10000\images\9801-9900\LCCC-9893.png","https://i2c.seadn.io/ethereum/0xbe85fbd182af91290be7293438ae67549638189f/74de8a3cde39256691cf46253a93d54b.png?w=350","https://i2c.seadn.io/ethereum/0xbe85fbd182af91290be7293438ae67549638189f/74de8a3cde39256691cf46253a93d54b.png","READY","Would download.",""
"9894","9894","RE-010527","ron-english-light-cult-9001-10000","NO","D:\github\ron-english-light-cult-9001-10000\images\9801-9900\LCCC-9894.png","https://i2c.seadn.io/ethereum/0xbe85fbd182af91290be7293438ae67549638189f/399f62f121a85ff3836e6c75197a69ad.png?w=350","https://i2c.seadn.io/ethereum/0xbe85fbd182af91290be7293438ae67549638189f/399f62f121a85ff3836e6c75197a69ad.png","READY","Would download.",""
"9895","9895","RE-010528","ron-english-light-cult-9001-10000","NO","D:\github\ron-english-light-cult-9001-10000\images\9801-9900\LCCC-9895.png","https://i2c.seadn.io/ethereum/0xbe85fbd182af91290be7293438ae67549638189f/ea1b4719c0fb25bb1c0c5b3d44a21ee6.png?w=350","https://i2c.seadn.io/ethereum/0xbe85fbd182af91290be7293438ae67549638189f/ea1b4719c0fb25bb1c0c5b3d44a21ee6.png","READY","Would download.",""
"9897","9897","RE-010529","ron-english-light-cult-9001-10000","NO","D:\github\ron-english-light-cult-9001-10000\images\9801-9900\LCCC-9897.png","https://i2c.seadn.io/ethereum/0xbe85fbd182af91290be7293438ae67549638189f/4bfb3932cd0ae7a0725fb988554ff612.png?w=350","https://i2c.seadn.io/ethereum/0xbe85fbd182af91290be7293438ae67549638189f/4bfb3932cd0ae7a0725fb988554ff612.png","READY","Would download.",""
"9898","9898","RE-010530","ron-english-light-cult-9001-10000","NO","D:\github\ron-english-light-cult-9001-10000\images\9801-9900\LCCC-9898.png","https://i2c.seadn.io/ethereum/0xbe85fbd182af91290be7293438ae67549638189f/8ba656eaa8ce4a8d640e7c5a06b4486d.png?w=350","https://i2c.seadn.io/ethereum/0xbe85fbd182af91290be7293438ae67549638189f/8ba656eaa8ce4a8d640e7c5a06b4486d.png","READY","Would download.",""
"9899","9899","RE-010531","ron-english-light-cult-9001-10000","NO","D:\github\ron-english-light-cult-9001-10000\images\9801-9900\LCCC-9899.png","https://i2c.seadn.io/ethereum/0xbe85fbd182af91290be7293438ae67549638189f/799931ed1e4853552fff01ba28293fd9.png?w=350","https://i2c.seadn.io/ethereum/0xbe85fbd182af91290be7293438ae67549638189f/799931ed1e4853552fff01ba28293fd9.png","READY","Would download.",""
"9900","9900","RE-010532","ron-english-light-cult-9001-10000","NO","D:\github\ron-english-light-cult-9001-10000\images\9801-9900\LCCC-9900.png","https://i2c.seadn.io/ethereum/0xbe85fbd182af91290be7293438ae67549638189f/62e1628a643f08fb158fe917c54f44aa.png?w=350","https://i2c.seadn.io/ethereum/0xbe85fbd182af91290be7293438ae67549638189f/62e1628a643f08fb158fe917c54f44aa.png","READY","Would download.",""
"9901","9901","RE-010533","ron-english-light-cult-9001-10000","NO","D:\github\ron-english-light-cult-9001-10000\images\9901-10000\LCCC-9901.png","https://i2c.seadn.io/ethereum/0xbe85fbd182af91290be7293438ae67549638189f/0faacd82eae275d3bdfb77c3132ebba1.png?w=350","https://i2c.seadn.io/ethereum/0xbe85fbd182af91290be7293438ae67549638189f/0faacd82eae275d3bdfb77c3132ebba1.png","READY","Would download.",""
"9902","9902","RE-010534","ron-english-light-cult-9001-10000","NO","D:\github\ron-english-light-cult-9001-10000\images\9901-10000\LCCC-9902.png","https://i2c.seadn.io/ethereum/0xbe85fbd182af91290be7293438ae67549638189f/28f8116c56a985168d46b17c544e47d3.png?w=350","https://i2c.seadn.io/ethereum/0xbe85fbd182af91290be7293438ae67549638189f/28f8116c56a985168d46b17c544e47d3.png","READY","Would download.",""
"9903","9903","RE-010535","ron-english-light-cult-9001-10000","NO","D:\github\ron-english-light-cult-9001-10000\images\9901-10000\LCCC-9903.png","https://i2c.seadn.io/ethereum/0xbe85fbd182af91290be7293438ae67549638189f/b0b85a0424412bdb909f3c08d0c61c0c.png?w=350","https://i2c.seadn.io/ethereum/0xbe85fbd182af91290be7293438ae67549638189f/b0b85a0424412bdb909f3c08d0c61c0c.png","READY","Would download.",""
"9904","9904","RE-010536","ron-english-light-cult-9001-10000","NO","D:\github\ron-english-light-cult-9001-10000\images\9901-10000\LCCC-9904.png","https://i2c.seadn.io/ethereum/0xbe85fbd182af91290be7293438ae67549638189f/4964483a2f0c9977d449e7208e392ec9.png?w=350","https://i2c.seadn.io/ethereum/0xbe85fbd182af91290be7293438ae67549638189f/4964483a2f0c9977d449e7208e392ec9.png","READY","Would download.",""
"9905","9905","RE-010537","ron-english-light-cult-9001-10000","NO","D:\github\ron-english-light-cult-9001-10000\images\9901-10000\LCCC-9905.png","https://i2c.seadn.io/ethereum/0xbe85fbd182af91290be7293438ae67549638189f/1f2b5b31e25a05d3fae76a6bf6612fd0.png?w=350","https://i2c.seadn.io/ethereum/0xbe85fbd182af91290be7293438ae67549638189f/1f2b5b31e25a05d3fae76a6bf6612fd0.png","READY","Would download.",""
"9906","9906","RE-010538","ron-english-light-cult-9001-10000","NO","D:\github\ron-english-light-cult-9001-10000\images\9901-10000\LCCC-9906.png","https://i2c.seadn.io/ethereum/0xbe85fbd182af91290be7293438ae67549638189f/aa14a32fb0e0b6541a5fa3977f0cff2c.png?w=350","https://i2c.seadn.io/ethereum/0xbe85fbd182af91290be7293438ae67549638189f/aa14a32fb0e0b6541a5fa3977f0cff2c.png","READY","Would download.",""
"9907","9907","RE-010539","ron-english-light-cult-9001-10000","NO","D:\github\ron-english-light-cult-9001-10000\images\9901-10000\LCCC-9907.png","https://i2c.seadn.io/ethereum/0xbe85fbd182af91290be7293438ae67549638189f/8f56074c696e03c2c23654fdf17109fb.png?w=350","https://i2c.seadn.io/ethereum/0xbe85fbd182af91290be7293438ae67549638189f/8f56074c696e03c2c23654fdf17109fb.png","READY","Would download.",""
"9908","9908","RE-010540","ron-english-light-cult-9001-10000","NO","D:\github\ron-english-light-cult-9001-10000\images\9901-10000\LCCC-9908.png","https://i2c.seadn.io/ethereum/0xbe85fbd182af91290be7293438ae67549638189f/41ba2f11c380cda336dbff5e43ab2506.png?w=350","https://i2c.seadn.io/ethereum/0xbe85fbd182af91290be7293438ae67549638189f/41ba2f11c380cda336dbff5e43ab2506.png","READY","Would download.",""
"9909","9909","RE-010541","ron-english-light-cult-9001-10000","NO","D:\github\ron-english-light-cult-9001-10000\images\9901-10000\LCCC-9909.png","https://i2c.seadn.io/ethereum/0xbe85fbd182af91290be7293438ae67549638189f/59bcdd9ae026d7c911a6e1d02ad96c32.png?w=350","https://i2c.seadn.io/ethereum/0xbe85fbd182af91290be7293438ae67549638189f/59bcdd9ae026d7c911a6e1d02ad96c32.png","READY","Would download.",""
"9910","9910","RE-010542","ron-english-light-cult-9001-10000","NO","D:\github\ron-english-light-cult-9001-10000\images\9901-10000\LCCC-9910.png","https://i2c.seadn.io/ethereum/0xbe85fbd182af91290be7293438ae67549638189f/d174e9b112989ca492307d59c45d4214.png?w=350","https://i2c.seadn.io/ethereum/0xbe85fbd182af91290be7293438ae67549638189f/d174e9b112989ca492307d59c45d4214.png","READY","Would download.",""
"9911","9911","RE-010543","ron-english-light-cult-9001-10000","NO","D:\github\ron-english-light-cult-9001-10000\images\9901-10000\LCCC-9911.png","https://i2c.seadn.io/ethereum/0xbe85fbd182af91290be7293438ae67549638189f/5bee3d4cf4d4a3aec5c48152f1fdeb07.png?w=350","https://i2c.seadn.io/ethereum/0xbe85fbd182af91290be7293438ae67549638189f/5bee3d4cf4d4a3aec5c48152f1fdeb07.png","READY","Would download.",""
"9912","9912","RE-010544","ron-english-light-cult-9001-10000","NO","D:\github\ron-english-light-cult-9001-10000\images\9901-10000\LCCC-9912.png","https://i2c.seadn.io/ethereum/0xbe85fbd182af91290be7293438ae67549638189f/76f6f04235d723926bfcf121d1749564.png?w=350","https://i2c.seadn.io/ethereum/0xbe85fbd182af91290be7293438ae67549638189f/76f6f04235d723926bfcf121d1749564.png","READY","Would download.",""
"9913","9913","RE-010545","ron-english-light-cult-9001-10000","NO","D:\github\ron-english-light-cult-9001-10000\images\9901-10000\LCCC-9913.png","https://i2c.seadn.io/ethereum/0xbe85fbd182af91290be7293438ae67549638189f/fc36ba3d9edb3608a948a95417215622.png?w=350","https://i2c.seadn.io/ethereum/0xbe85fbd182af91290be7293438ae67549638189f/fc36ba3d9edb3608a948a95417215622.png","READY","Would download.",""
"9914","9914","RE-010546","ron-english-light-cult-9001-10000","NO","D:\github\ron-english-light-cult-9001-10000\images\9901-10000\LCCC-9914.png","https://i2c.seadn.io/ethereum/0xbe85fbd182af91290be7293438ae67549638189f/4f4a342d8ec9ec9916c9987be85037af.png?w=350","https://i2c.seadn.io/ethereum/0xbe85fbd182af91290be7293438ae67549638189f/4f4a342d8ec9ec9916c9987be85037af.png","READY","Would download.",""
"9915","9915","RE-010547","ron-english-light-cult-9001-10000","NO","D:\github\ron-english-light-cult-9001-10000\images\9901-10000\LCCC-9915.png","https://i2c.seadn.io/ethereum/0xbe85fbd182af91290be7293438ae67549638189f/5aae2e1be481a2cfd7d5592a85b7fa8f.png?w=350","https://i2c.seadn.io/ethereum/0xbe85fbd182af91290be7293438ae67549638189f/5aae2e1be481a2cfd7d5592a85b7fa8f.png","READY","Would download.",""
"9916","9916","RE-010548","ron-english-light-cult-9001-10000","NO","D:\github\ron-english-light-cult-9001-10000\images\9901-10000\LCCC-9916.png","https://i2c.seadn.io/ethereum/0xbe85fbd182af91290be7293438ae67549638189f/a0f8f91088e3f0e6a5f983629ee7d328.png?w=350","https://i2c.seadn.io/ethereum/0xbe85fbd182af91290be7293438ae67549638189f/a0f8f91088e3f0e6a5f983629ee7d328.png","READY","Would download.",""
"9917","9917","RE-010549","ron-english-light-cult-9001-10000","NO","D:\github\ron-english-light-cult-9001-10000\images\9901-10000\LCCC-9917.png","https://i2c.seadn.io/ethereum/0xbe85fbd182af91290be7293438ae67549638189f/6abf31a6c3a8631a84f02eab7cd93895.png?w=350","https://i2c.seadn.io/ethereum/0xbe85fbd182af91290be7293438ae67549638189f/6abf31a6c3a8631a84f02eab7cd93895.png","READY","Would download.",""
"9918","9918","RE-010550","ron-english-light-cult-9001-10000","NO","D:\github\ron-english-light-cult-9001-10000\images\9901-10000\LCCC-9918.png","https://i2c.seadn.io/ethereum/0xbe85fbd182af91290be7293438ae67549638189f/b13aa736b318301e2f17e31956ba89f1.png?w=350","https://i2c.seadn.io/ethereum/0xbe85fbd182af91290be7293438ae67549638189f/b13aa736b318301e2f17e31956ba89f1.png","READY","Would download.",""
"9919","9919","RE-010551","ron-english-light-cult-9001-10000","NO","D:\github\ron-english-light-cult-9001-10000\images\9901-10000\LCCC-9919.png","https://i2c.seadn.io/ethereum/0xbe85fbd182af91290be7293438ae67549638189f/4ae617daf3976c4e552bfcc7217ecfd8.png?w=350","https://i2c.seadn.io/ethereum/0xbe85fbd182af91290be7293438ae67549638189f/4ae617daf3976c4e552bfcc7217ecfd8.png","READY","Would download.",""
"9920","9920","RE-010552","ron-english-light-cult-9001-10000","NO","D:\github\ron-english-light-cult-9001-10000\images\9901-10000\LCCC-9920.png","https://i2c.seadn.io/ethereum/0xbe85fbd182af91290be7293438ae67549638189f/341ad3397b9daecefdc55e2a133a2d84.png?w=350","https://i2c.seadn.io/ethereum/0xbe85fbd182af91290be7293438ae67549638189f/341ad3397b9daecefdc55e2a133a2d84.png","READY","Would download.",""
"9921","9921","RE-010553","ron-english-light-cult-9001-10000","NO","D:\github\ron-english-light-cult-9001-10000\images\9901-10000\LCCC-9921.png","https://i2c.seadn.io/ethereum/0xbe85fbd182af91290be7293438ae67549638189f/e841e5269eb9f0b20f258df5c5ff430e.png?w=350","https://i2c.seadn.io/ethereum/0xbe85fbd182af91290be7293438ae67549638189f/e841e5269eb9f0b20f258df5c5ff430e.png","READY","Would download.",""
"9923","9923","RE-010554","ron-english-light-cult-9001-10000","NO","D:\github\ron-english-light-cult-9001-10000\images\9901-10000\LCCC-9923.png","https://i2c.seadn.io/ethereum/0xbe85fbd182af91290be7293438ae67549638189f/1dc2ce717fc52a8937ddba82c3211b18.png?w=350","https://i2c.seadn.io/ethereum/0xbe85fbd182af91290be7293438ae67549638189f/1dc2ce717fc52a8937ddba82c3211b18.png","READY","Would download.",""
"9924","9924","RE-010555","ron-english-light-cult-9001-10000","NO","D:\github\ron-english-light-cult-9001-10000\images\9901-10000\LCCC-9924.png","https://i2c.seadn.io/ethereum/0xbe85fbd182af91290be7293438ae67549638189f/8dc597e0fa359e7d84e7bedda7110d68.png?w=350","https://i2c.seadn.io/ethereum/0xbe85fbd182af91290be7293438ae67549638189f/8dc597e0fa359e7d84e7bedda7110d68.png","READY","Would download.",""
"9925","9925","RE-010556","ron-english-light-cult-9001-10000","NO","D:\github\ron-english-light-cult-9001-10000\images\9901-10000\LCCC-9925.png","https://i2c.seadn.io/ethereum/0xbe85fbd182af91290be7293438ae67549638189f/9f39e7b0afe636cd7ccb50af35cdd833.png?w=350","https://i2c.seadn.io/ethereum/0xbe85fbd182af91290be7293438ae67549638189f/9f39e7b0afe636cd7ccb50af35cdd833.png","READY","Would download.",""
"9926","9926","RE-010557","ron-english-light-cult-9001-10000","NO","D:\github\ron-english-light-cult-9001-10000\images\9901-10000\LCCC-9926.png","https://i2c.seadn.io/ethereum/0xbe85fbd182af91290be7293438ae67549638189f/9729256d14e5aacdf674fdd66c52d65c.png?w=350","https://i2c.seadn.io/ethereum/0xbe85fbd182af91290be7293438ae67549638189f/9729256d14e5aacdf674fdd66c52d65c.png","READY","Would download.",""
"9927","9927","RE-010558","ron-english-light-cult-9001-10000","NO","D:\github\ron-english-light-cult-9001-10000\images\9901-10000\LCCC-9927.png","https://i2c.seadn.io/ethereum/0xbe85fbd182af91290be7293438ae67549638189f/ab5be2acd9d2ffc48167e82700adf4d0.png?w=350","https://i2c.seadn.io/ethereum/0xbe85fbd182af91290be7293438ae67549638189f/ab5be2acd9d2ffc48167e82700adf4d0.png","READY","Would download.",""
"9929","9929","RE-010559","ron-english-light-cult-9001-10000","NO","D:\github\ron-english-light-cult-9001-10000\images\9901-10000\LCCC-9929.png","https://i2c.seadn.io/ethereum/0xbe85fbd182af91290be7293438ae67549638189f/28421ff1167621bfb7b4428812a98ff5.png?w=350","https://i2c.seadn.io/ethereum/0xbe85fbd182af91290be7293438ae67549638189f/28421ff1167621bfb7b4428812a98ff5.png","READY","Would download.",""
"9930","9930","RE-010560","ron-english-light-cult-9001-10000","NO","D:\github\ron-english-light-cult-9001-10000\images\9901-10000\LCCC-9930.png","https://i2c.seadn.io/ethereum/0xbe85fbd182af91290be7293438ae67549638189f/432b5c7a7c8dd366bedbabbb04c5b83c.png?w=350","https://i2c.seadn.io/ethereum/0xbe85fbd182af91290be7293438ae67549638189f/432b5c7a7c8dd366bedbabbb04c5b83c.png","READY","Would download.",""
"9933","9933","RE-010561","ron-english-light-cult-9001-10000","NO","D:\github\ron-english-light-cult-9001-10000\images\9901-10000\LCCC-9933.png","https://i2c.seadn.io/ethereum/0xbe85fbd182af91290be7293438ae67549638189f/b37c56442d97c0aaae76db019186ec86.png?w=350","https://i2c.seadn.io/ethereum/0xbe85fbd182af91290be7293438ae67549638189f/b37c56442d97c0aaae76db019186ec86.png","READY","Would download.",""
"9934","9934","RE-010562","ron-english-light-cult-9001-10000","NO","D:\github\ron-english-light-cult-9001-10000\images\9901-10000\LCCC-9934.png","https://i2c.seadn.io/ethereum/0xbe85fbd182af91290be7293438ae67549638189f/5274466421a8351807069c1f9a220f34.png?w=350","https://i2c.seadn.io/ethereum/0xbe85fbd182af91290be7293438ae67549638189f/5274466421a8351807069c1f9a220f34.png","READY","Would download.",""
"9935","9935","RE-010563","ron-english-light-cult-9001-10000","NO","D:\github\ron-english-light-cult-9001-10000\images\9901-10000\LCCC-9935.png","https://i2c.seadn.io/ethereum/0xbe85fbd182af91290be7293438ae67549638189f/eb5c371a1e0f581e68ef3aaa478c8f8d.png?w=350","https://i2c.seadn.io/ethereum/0xbe85fbd182af91290be7293438ae67549638189f/eb5c371a1e0f581e68ef3aaa478c8f8d.png","READY","Would download.",""
"9936","9936","RE-010564","ron-english-light-cult-9001-10000","NO","D:\github\ron-english-light-cult-9001-10000\images\9901-10000\LCCC-9936.png","https://i2c.seadn.io/ethereum/0xbe85fbd182af91290be7293438ae67549638189f/c8776e67a18184d1617f6ba1426e93ac.png?w=350","https://i2c.seadn.io/ethereum/0xbe85fbd182af91290be7293438ae67549638189f/c8776e67a18184d1617f6ba1426e93ac.png","READY","Would download.",""
"9937","9937","RE-010565","ron-english-light-cult-9001-10000","NO","D:\github\ron-english-light-cult-9001-10000\images\9901-10000\LCCC-9937.png","https://i2c.seadn.io/ethereum/0xbe85fbd182af91290be7293438ae67549638189f/7239b1cc4dd6beb65c030d575c5aea3a.png?w=350","https://i2c.seadn.io/ethereum/0xbe85fbd182af91290be7293438ae67549638189f/7239b1cc4dd6beb65c030d575c5aea3a.png","READY","Would download.",""
"9938","9938","RE-010566","ron-english-light-cult-9001-10000","NO","D:\github\ron-english-light-cult-9001-10000\images\9901-10000\LCCC-9938.png","https://i2c.seadn.io/ethereum/0xbe85fbd182af91290be7293438ae67549638189f/2074a2e3b0158b6bf96b328be5f40e3b.png?w=350","https://i2c.seadn.io/ethereum/0xbe85fbd182af91290be7293438ae67549638189f/2074a2e3b0158b6bf96b328be5f40e3b.png","READY","Would download.",""
"9939","9939","RE-010567","ron-english-light-cult-9001-10000","NO","D:\github\ron-english-light-cult-9001-10000\images\9901-10000\LCCC-9939.png","https://i2c.seadn.io/ethereum/0xbe85fbd182af91290be7293438ae67549638189f/d533671c9883b33ee18bca4069c9493e.png?w=350","https://i2c.seadn.io/ethereum/0xbe85fbd182af91290be7293438ae67549638189f/d533671c9883b33ee18bca4069c9493e.png","READY","Would download.",""
"9940","9940","RE-010568","ron-english-light-cult-9001-10000","NO","D:\github\ron-english-light-cult-9001-10000\images\9901-10000\LCCC-9940.png","https://i2c.seadn.io/ethereum/0xbe85fbd182af91290be7293438ae67549638189f/7a4c1e1b548fcd98d8cea769892dc119.png?w=350","https://i2c.seadn.io/ethereum/0xbe85fbd182af91290be7293438ae67549638189f/7a4c1e1b548fcd98d8cea769892dc119.png","READY","Would download.",""
"9941","9941","RE-010569","ron-english-light-cult-9001-10000","NO","D:\github\ron-english-light-cult-9001-10000\images\9901-10000\LCCC-9941.png","https://i2c.seadn.io/ethereum/0xbe85fbd182af91290be7293438ae67549638189f/fd40d95e80d98ea3ebfb3c17ddf1cebb.png?w=350","https://i2c.seadn.io/ethereum/0xbe85fbd182af91290be7293438ae67549638189f/fd40d95e80d98ea3ebfb3c17ddf1cebb.png","READY","Would download.",""
"9942","9942","RE-010570","ron-english-light-cult-9001-10000","NO","D:\github\ron-english-light-cult-9001-10000\images\9901-10000\LCCC-9942.png","https://i2c.seadn.io/ethereum/0xbe85fbd182af91290be7293438ae67549638189f/d8102a7537261f2f4f99c34ddb5efacb.png?w=350","https://i2c.seadn.io/ethereum/0xbe85fbd182af91290be7293438ae67549638189f/d8102a7537261f2f4f99c34ddb5efacb.png","READY","Would download.",""
"9943","9943","RE-010571","ron-english-light-cult-9001-10000","NO","D:\github\ron-english-light-cult-9001-10000\images\9901-10000\LCCC-9943.png","https://i2c.seadn.io/ethereum/0xbe85fbd182af91290be7293438ae67549638189f/741ce4dd6d64e5257e7302b2394d4b17.png?w=350","https://i2c.seadn.io/ethereum/0xbe85fbd182af91290be7293438ae67549638189f/741ce4dd6d64e5257e7302b2394d4b17.png","READY","Would download.",""
"9944","9944","RE-010572","ron-english-light-cult-9001-10000","NO","D:\github\ron-english-light-cult-9001-10000\images\9901-10000\LCCC-9944.png","https://i2c.seadn.io/ethereum/0xbe85fbd182af91290be7293438ae67549638189f/ffbadf5cad0ec17e14bbf6c1557c378e.png?w=350","https://i2c.seadn.io/ethereum/0xbe85fbd182af91290be7293438ae67549638189f/ffbadf5cad0ec17e14bbf6c1557c378e.png","READY","Would download.",""
"9945","9945","RE-010573","ron-english-light-cult-9001-10000","NO","D:\github\ron-english-light-cult-9001-10000\images\9901-10000\LCCC-9945.png","https://i2c.seadn.io/ethereum/0xbe85fbd182af91290be7293438ae67549638189f/0d9c4a95b2b2dbb7feddd28b190199f5.png?w=350","https://i2c.seadn.io/ethereum/0xbe85fbd182af91290be7293438ae67549638189f/0d9c4a95b2b2dbb7feddd28b190199f5.png","READY","Would download.",""
"9946","9946","RE-010574","ron-english-light-cult-9001-10000","NO","D:\github\ron-english-light-cult-9001-10000\images\9901-10000\LCCC-9946.png","https://i2c.seadn.io/ethereum/0xbe85fbd182af91290be7293438ae67549638189f/01ce7d9c5d876cef2eb1143243a59605.png?w=350","https://i2c.seadn.io/ethereum/0xbe85fbd182af91290be7293438ae67549638189f/01ce7d9c5d876cef2eb1143243a59605.png","READY","Would download.",""
"9947","9947","RE-010575","ron-english-light-cult-9001-10000","NO","D:\github\ron-english-light-cult-9001-10000\images\9901-10000\LCCC-9947.png","https://i2c.seadn.io/ethereum/0xbe85fbd182af91290be7293438ae67549638189f/45bb79a0f183ea12a66fe8ce9476d128.png?w=350","https://i2c.seadn.io/ethereum/0xbe85fbd182af91290be7293438ae67549638189f/45bb79a0f183ea12a66fe8ce9476d128.png","READY","Would download.",""
"9948","9948","RE-010576","ron-english-light-cult-9001-10000","NO","D:\github\ron-english-light-cult-9001-10000\images\9901-10000\LCCC-9948.png","https://i2c.seadn.io/ethereum/0xbe85fbd182af91290be7293438ae67549638189f/4d6bbe7ab8a32036455940ec02c7a0f1.png?w=350","https://i2c.seadn.io/ethereum/0xbe85fbd182af91290be7293438ae67549638189f/4d6bbe7ab8a32036455940ec02c7a0f1.png","READY","Would download.",""
"9949","9949","RE-010577","ron-english-light-cult-9001-10000","NO","D:\github\ron-english-light-cult-9001-10000\images\9901-10000\LCCC-9949.png","https://i2c.seadn.io/ethereum/0xbe85fbd182af91290be7293438ae67549638189f/63a45634a11b7f662977f7baaa4bd364.png?w=350","https://i2c.seadn.io/ethereum/0xbe85fbd182af91290be7293438ae67549638189f/63a45634a11b7f662977f7baaa4bd364.png","READY","Would download.",""
"9950","9950","RE-010578","ron-english-light-cult-9001-10000","NO","D:\github\ron-english-light-cult-9001-10000\images\9901-10000\LCCC-9950.png","https://i2c.seadn.io/ethereum/0xbe85fbd182af91290be7293438ae67549638189f/0d2940ed37f6d8237207444f1d36b550.png?w=350","https://i2c.seadn.io/ethereum/0xbe85fbd182af91290be7293438ae67549638189f/0d2940ed37f6d8237207444f1d36b550.png","READY","Would download.",""
"9951","9951","RE-010579","ron-english-light-cult-9001-10000","NO","D:\github\ron-english-light-cult-9001-10000\images\9901-10000\LCCC-9951.png","https://i2c.seadn.io/ethereum/0xbe85fbd182af91290be7293438ae67549638189f/1e4eb441571d4abcd2beccd4bf3f58a3.png?w=350","https://i2c.seadn.io/ethereum/0xbe85fbd182af91290be7293438ae67549638189f/1e4eb441571d4abcd2beccd4bf3f58a3.png","READY","Would download.",""
"9952","9952","RE-010580","ron-english-light-cult-9001-10000","NO","D:\github\ron-english-light-cult-9001-10000\images\9901-10000\LCCC-9952.png","https://i2c.seadn.io/ethereum/0xbe85fbd182af91290be7293438ae67549638189f/c840bd6b307a4adc9e5cca2a9b45a566.png?w=350","https://i2c.seadn.io/ethereum/0xbe85fbd182af91290be7293438ae67549638189f/c840bd6b307a4adc9e5cca2a9b45a566.png","READY","Would download.",""
"9953","9953","RE-010581","ron-english-light-cult-9001-10000","NO","D:\github\ron-english-light-cult-9001-10000\images\9901-10000\LCCC-9953.png","https://i2c.seadn.io/ethereum/0xbe85fbd182af91290be7293438ae67549638189f/b456ef1a267c74ead20fce15c2c4eda7.png?w=350","https://i2c.seadn.io/ethereum/0xbe85fbd182af91290be7293438ae67549638189f/b456ef1a267c74ead20fce15c2c4eda7.png","READY","Would download.",""
"9954","9954","RE-010582","ron-english-light-cult-9001-10000","NO","D:\github\ron-english-light-cult-9001-10000\images\9901-10000\LCCC-9954.png","https://i2c.seadn.io/ethereum/0xbe85fbd182af91290be7293438ae67549638189f/3f0d7748e5e8c781d763653fa79151d1.png?w=350","https://i2c.seadn.io/ethereum/0xbe85fbd182af91290be7293438ae67549638189f/3f0d7748e5e8c781d763653fa79151d1.png","READY","Would download.",""
"9955","9955","RE-010583","ron-english-light-cult-9001-10000","NO","D:\github\ron-english-light-cult-9001-10000\images\9901-10000\LCCC-9955.png","https://i2c.seadn.io/ethereum/0xbe85fbd182af91290be7293438ae67549638189f/a34adceee337d6b2bc380920c5c89eb1.png?w=350","https://i2c.seadn.io/ethereum/0xbe85fbd182af91290be7293438ae67549638189f/a34adceee337d6b2bc380920c5c89eb1.png","READY","Would download.",""
"9957","9957","RE-010584","ron-english-light-cult-9001-10000","NO","D:\github\ron-english-light-cult-9001-10000\images\9901-10000\LCCC-9957.png","https://i2c.seadn.io/ethereum/0xbe85fbd182af91290be7293438ae67549638189f/8878c48e7b6afd158ba970ad0e6d159c.png?w=350","https://i2c.seadn.io/ethereum/0xbe85fbd182af91290be7293438ae67549638189f/8878c48e7b6afd158ba970ad0e6d159c.png","READY","Would download.",""
"9958","9958","RE-010585","ron-english-light-cult-9001-10000","NO","D:\github\ron-english-light-cult-9001-10000\images\9901-10000\LCCC-9958.png","https://i2c.seadn.io/ethereum/0xbe85fbd182af91290be7293438ae67549638189f/1a992fbd77ef598c14605752d1d40e6a.png?w=350","https://i2c.seadn.io/ethereum/0xbe85fbd182af91290be7293438ae67549638189f/1a992fbd77ef598c14605752d1d40e6a.png","READY","Would download.",""
"9959","9959","RE-010586","ron-english-light-cult-9001-10000","NO","D:\github\ron-english-light-cult-9001-10000\images\9901-10000\LCCC-9959.png","https://i2c.seadn.io/ethereum/0xbe85fbd182af91290be7293438ae67549638189f/4af85e1bac1d5581a1c78c3febfabb97.png?w=350","https://i2c.seadn.io/ethereum/0xbe85fbd182af91290be7293438ae67549638189f/4af85e1bac1d5581a1c78c3febfabb97.png","READY","Would download.",""
"9960","9960","RE-010587","ron-english-light-cult-9001-10000","NO","D:\github\ron-english-light-cult-9001-10000\images\9901-10000\LCCC-9960.png","https://i2c.seadn.io/ethereum/0xbe85fbd182af91290be7293438ae67549638189f/7f23cbea3424a6b6a542bef5189a658b.png?w=350","https://i2c.seadn.io/ethereum/0xbe85fbd182af91290be7293438ae67549638189f/7f23cbea3424a6b6a542bef5189a658b.png","READY","Would download.",""
"9961","9961","RE-010588","ron-english-light-cult-9001-10000","NO","D:\github\ron-english-light-cult-9001-10000\images\9901-10000\LCCC-9961.png","https://i2c.seadn.io/ethereum/0xbe85fbd182af91290be7293438ae67549638189f/25b2f04e0557ab1fead3fd84822a52a9.png?w=350","https://i2c.seadn.io/ethereum/0xbe85fbd182af91290be7293438ae67549638189f/25b2f04e0557ab1fead3fd84822a52a9.png","READY","Would download.",""
"9962","9962","RE-010589","ron-english-light-cult-9001-10000","NO","D:\github\ron-english-light-cult-9001-10000\images\9901-10000\LCCC-9962.png","https://i2c.seadn.io/ethereum/0xbe85fbd182af91290be7293438ae67549638189f/58493c79c040d5d62bc879b141d8636a.png?w=350","https://i2c.seadn.io/ethereum/0xbe85fbd182af91290be7293438ae67549638189f/58493c79c040d5d62bc879b141d8636a.png","READY","Would download.",""
"9963","9963","RE-010590","ron-english-light-cult-9001-10000","NO","D:\github\ron-english-light-cult-9001-10000\images\9901-10000\LCCC-9963.png","https://i2c.seadn.io/ethereum/0xbe85fbd182af91290be7293438ae67549638189f/bb2d81edd9b39f1a2726ed9277750cb1.png?w=350","https://i2c.seadn.io/ethereum/0xbe85fbd182af91290be7293438ae67549638189f/bb2d81edd9b39f1a2726ed9277750cb1.png","READY","Would download.",""
"9964","9964","RE-010591","ron-english-light-cult-9001-10000","NO","D:\github\ron-english-light-cult-9001-10000\images\9901-10000\LCCC-9964.png","https://i2c.seadn.io/ethereum/0xbe85fbd182af91290be7293438ae67549638189f/c8ba221bd3a0937a2cca957c6324c39c.png?w=350","https://i2c.seadn.io/ethereum/0xbe85fbd182af91290be7293438ae67549638189f/c8ba221bd3a0937a2cca957c6324c39c.png","READY","Would download.",""
"9965","9965","RE-010592","ron-english-light-cult-9001-10000","NO","D:\github\ron-english-light-cult-9001-10000\images\9901-10000\LCCC-9965.png","https://i2c.seadn.io/ethereum/0xbe85fbd182af91290be7293438ae67549638189f/d82c78461ccae3cb18a526a0f7bb9a1a.png?w=350","https://i2c.seadn.io/ethereum/0xbe85fbd182af91290be7293438ae67549638189f/d82c78461ccae3cb18a526a0f7bb9a1a.png","READY","Would download.",""
"9967","9967","RE-010593","ron-english-light-cult-9001-10000","NO","D:\github\ron-english-light-cult-9001-10000\images\9901-10000\LCCC-9967.png","https://i2c.seadn.io/ethereum/0xbe85fbd182af91290be7293438ae67549638189f/5934f2f3601d411164c0267237396017.png?w=350","https://i2c.seadn.io/ethereum/0xbe85fbd182af91290be7293438ae67549638189f/5934f2f3601d411164c0267237396017.png","READY","Would download.",""
"9968","9968","RE-010594","ron-english-light-cult-9001-10000","NO","D:\github\ron-english-light-cult-9001-10000\images\9901-10000\LCCC-9968.png","https://i2c.seadn.io/ethereum/0xbe85fbd182af91290be7293438ae67549638189f/8dbcf535c8f1ea3ab5a2250946bb1820.png?w=350","https://i2c.seadn.io/ethereum/0xbe85fbd182af91290be7293438ae67549638189f/8dbcf535c8f1ea3ab5a2250946bb1820.png","READY","Would download.",""
"9969","9969","RE-010595","ron-english-light-cult-9001-10000","NO","D:\github\ron-english-light-cult-9001-10000\images\9901-10000\LCCC-9969.png","https://i2c.seadn.io/ethereum/0xbe85fbd182af91290be7293438ae67549638189f/ded3ac4d17d0b57f9471878887dcea0d.png?w=350","https://i2c.seadn.io/ethereum/0xbe85fbd182af91290be7293438ae67549638189f/ded3ac4d17d0b57f9471878887dcea0d.png","READY","Would download.",""
"9970","9970","RE-010596","ron-english-light-cult-9001-10000","NO","D:\github\ron-english-light-cult-9001-10000\images\9901-10000\LCCC-9970.png","https://i2c.seadn.io/ethereum/0xbe85fbd182af91290be7293438ae67549638189f/ee6e6fc7be8df5ef6d0fa345ec596b1f.png?w=350","https://i2c.seadn.io/ethereum/0xbe85fbd182af91290be7293438ae67549638189f/ee6e6fc7be8df5ef6d0fa345ec596b1f.png","READY","Would download.",""
"9971","9971","RE-010597","ron-english-light-cult-9001-10000","NO","D:\github\ron-english-light-cult-9001-10000\images\9901-10000\LCCC-9971.png","https://i2c.seadn.io/ethereum/0xbe85fbd182af91290be7293438ae67549638189f/6cb762f1d824e262ce07e666be56fa95.png?w=350","https://i2c.seadn.io/ethereum/0xbe85fbd182af91290be7293438ae67549638189f/6cb762f1d824e262ce07e666be56fa95.png","READY","Would download.",""
"9972","9972","RE-010598","ron-english-light-cult-9001-10000","NO","D:\github\ron-english-light-cult-9001-10000\images\9901-10000\LCCC-9972.png","https://i2c.seadn.io/ethereum/0xbe85fbd182af91290be7293438ae67549638189f/a277cc20ea3cf25548802215274c0963.png?w=350","https://i2c.seadn.io/ethereum/0xbe85fbd182af91290be7293438ae67549638189f/a277cc20ea3cf25548802215274c0963.png","READY","Would download.",""
"9973","9973","RE-010599","ron-english-light-cult-9001-10000","NO","D:\github\ron-english-light-cult-9001-10000\images\9901-10000\LCCC-9973.png","https://i2c.seadn.io/ethereum/0xbe85fbd182af91290be7293438ae67549638189f/63d018dc419c1a93a02761913bf159f7.png?w=350","https://i2c.seadn.io/ethereum/0xbe85fbd182af91290be7293438ae67549638189f/63d018dc419c1a93a02761913bf159f7.png","READY","Would download.",""
"9974","9974","RE-010600","ron-english-light-cult-9001-10000","NO","D:\github\ron-english-light-cult-9001-10000\images\9901-10000\LCCC-9974.png","https://i2c.seadn.io/ethereum/0xbe85fbd182af91290be7293438ae67549638189f/2fd5e9cbdcb2122c95f5489a988c6c2d.png?w=350","https://i2c.seadn.io/ethereum/0xbe85fbd182af91290be7293438ae67549638189f/2fd5e9cbdcb2122c95f5489a988c6c2d.png","READY","Would download.",""
"9975","9975","RE-010601","ron-english-light-cult-9001-10000","NO","D:\github\ron-english-light-cult-9001-10000\images\9901-10000\LCCC-9975.png","https://i2c.seadn.io/ethereum/0xbe85fbd182af91290be7293438ae67549638189f/fcb24956cd8ebebe22b363db4e8923b2.png?w=350","https://i2c.seadn.io/ethereum/0xbe85fbd182af91290be7293438ae67549638189f/fcb24956cd8ebebe22b363db4e8923b2.png","READY","Would download.",""
"9976","9976","RE-010602","ron-english-light-cult-9001-10000","NO","D:\github\ron-english-light-cult-9001-10000\images\9901-10000\LCCC-9976.png","https://i2c.seadn.io/ethereum/0xbe85fbd182af91290be7293438ae67549638189f/bd81032cc76a767b95c484b71467bc0e.png?w=350","https://i2c.seadn.io/ethereum/0xbe85fbd182af91290be7293438ae67549638189f/bd81032cc76a767b95c484b71467bc0e.png","READY","Would download.",""
"9977","9977","RE-010603","ron-english-light-cult-9001-10000","NO","D:\github\ron-english-light-cult-9001-10000\images\9901-10000\LCCC-9977.png","https://i2c.seadn.io/ethereum/0xbe85fbd182af91290be7293438ae67549638189f/a9c52c1c6797787de592cbf14c834def.png?w=350","https://i2c.seadn.io/ethereum/0xbe85fbd182af91290be7293438ae67549638189f/a9c52c1c6797787de592cbf14c834def.png","READY","Would download.",""
"9979","9979","RE-010604","ron-english-light-cult-9001-10000","NO","D:\github\ron-english-light-cult-9001-10000\images\9901-10000\LCCC-9979.png","https://i2c.seadn.io/ethereum/0xbe85fbd182af91290be7293438ae67549638189f/f4032a10f2ba5c3de6f4cb3e885a444e.png?w=350","https://i2c.seadn.io/ethereum/0xbe85fbd182af91290be7293438ae67549638189f/f4032a10f2ba5c3de6f4cb3e885a444e.png","READY","Would download.",""
"9980","9980","RE-010605","ron-english-light-cult-9001-10000","NO","D:\github\ron-english-light-cult-9001-10000\images\9901-10000\LCCC-9980.png","https://i2c.seadn.io/ethereum/0xbe85fbd182af91290be7293438ae67549638189f/1996bab9b70b068935f57d8f4d0d1766.png?w=350","https://i2c.seadn.io/ethereum/0xbe85fbd182af91290be7293438ae67549638189f/1996bab9b70b068935f57d8f4d0d1766.png","READY","Would download.",""
"9981","9981","RE-010606","ron-english-light-cult-9001-10000","NO","D:\github\ron-english-light-cult-9001-10000\images\9901-10000\LCCC-9981.png","https://i2c.seadn.io/ethereum/0xbe85fbd182af91290be7293438ae67549638189f/f197ae7cd1cd9f7c7593007cb39f66ee.png?w=350","https://i2c.seadn.io/ethereum/0xbe85fbd182af91290be7293438ae67549638189f/f197ae7cd1cd9f7c7593007cb39f66ee.png","READY","Would download.",""
"9982","9982","RE-010607","ron-english-light-cult-9001-10000","NO","D:\github\ron-english-light-cult-9001-10000\images\9901-10000\LCCC-9982.png","https://i2c.seadn.io/ethereum/0xbe85fbd182af91290be7293438ae67549638189f/ebda52f682eb32af5c0c5b24bc3620f7.png?w=350","https://i2c.seadn.io/ethereum/0xbe85fbd182af91290be7293438ae67549638189f/ebda52f682eb32af5c0c5b24bc3620f7.png","READY","Would download.",""
"9983","9983","RE-010608","ron-english-light-cult-9001-10000","NO","D:\github\ron-english-light-cult-9001-10000\images\9901-10000\LCCC-9983.png","https://i2c.seadn.io/ethereum/0xbe85fbd182af91290be7293438ae67549638189f/0a9dac6f108db7233d2c538625cfa2ea.png?w=350","https://i2c.seadn.io/ethereum/0xbe85fbd182af91290be7293438ae67549638189f/0a9dac6f108db7233d2c538625cfa2ea.png","READY","Would download.",""
"9984","9984","RE-010609","ron-english-light-cult-9001-10000","NO","D:\github\ron-english-light-cult-9001-10000\images\9901-10000\LCCC-9984.png","https://i2c.seadn.io/ethereum/0xbe85fbd182af91290be7293438ae67549638189f/f75435e1261126afcc624f970008fd29.png?w=350","https://i2c.seadn.io/ethereum/0xbe85fbd182af91290be7293438ae67549638189f/f75435e1261126afcc624f970008fd29.png","READY","Would download.",""
"9986","9986","RE-010610","ron-english-light-cult-9001-10000","NO","D:\github\ron-english-light-cult-9001-10000\images\9901-10000\LCCC-9986.png","https://i2c.seadn.io/ethereum/0xbe85fbd182af91290be7293438ae67549638189f/b669e89f82913f7d3b7e510154791f79.png?w=350","https://i2c.seadn.io/ethereum/0xbe85fbd182af91290be7293438ae67549638189f/b669e89f82913f7d3b7e510154791f79.png","READY","Would download.",""
"9988","9988","RE-010611","ron-english-light-cult-9001-10000","NO","D:\github\ron-english-light-cult-9001-10000\images\9901-10000\LCCC-9988.png","https://i2c.seadn.io/ethereum/0xbe85fbd182af91290be7293438ae67549638189f/60a82585acec2e3544c68d6a2b78ad7c.png?w=350","https://i2c.seadn.io/ethereum/0xbe85fbd182af91290be7293438ae67549638189f/60a82585acec2e3544c68d6a2b78ad7c.png","READY","Would download.",""
"9989","9989","RE-010612","ron-english-light-cult-9001-10000","NO","D:\github\ron-english-light-cult-9001-10000\images\9901-10000\LCCC-9989.png","https://i2c.seadn.io/ethereum/0xbe85fbd182af91290be7293438ae67549638189f/f01fc063abc91b3dbe9b2b302231eb9e.png?w=350","https://i2c.seadn.io/ethereum/0xbe85fbd182af91290be7293438ae67549638189f/f01fc063abc91b3dbe9b2b302231eb9e.png","READY","Would download.",""
"9990","9990","RE-010613","ron-english-light-cult-9001-10000","NO","D:\github\ron-english-light-cult-9001-10000\images\9901-10000\LCCC-9990.png","https://i2c.seadn.io/ethereum/0xbe85fbd182af91290be7293438ae67549638189f/d19bdfce30b67e66ef66072e3629aaec.png?w=350","https://i2c.seadn.io/ethereum/0xbe85fbd182af91290be7293438ae67549638189f/d19bdfce30b67e66ef66072e3629aaec.png","READY","Would download.",""
"9991","9991","RE-010614","ron-english-light-cult-9001-10000","NO","D:\github\ron-english-light-cult-9001-10000\images\9901-10000\LCCC-9991.png","https://i2c.seadn.io/ethereum/0xbe85fbd182af91290be7293438ae67549638189f/71acb2e05f8537be2fa2c1817c9b1e32.png?w=350","https://i2c.seadn.io/ethereum/0xbe85fbd182af91290be7293438ae67549638189f/71acb2e05f8537be2fa2c1817c9b1e32.png","READY","Would download.",""
"9992","9992","RE-010615","ron-english-light-cult-9001-10000","NO","D:\github\ron-english-light-cult-9001-10000\images\9901-10000\LCCC-9992.png","https://i2c.seadn.io/ethereum/0xbe85fbd182af91290be7293438ae67549638189f/2abcd79c12131c72b1c679c5d30a7b1d.png?w=350","https://i2c.seadn.io/ethereum/0xbe85fbd182af91290be7293438ae67549638189f/2abcd79c12131c72b1c679c5d30a7b1d.png","READY","Would download.",""
"9993","9993","RE-010616","ron-english-light-cult-9001-10000","NO","D:\github\ron-english-light-cult-9001-10000\images\9901-10000\LCCC-9993.png","https://i2c.seadn.io/ethereum/0xbe85fbd182af91290be7293438ae67549638189f/cbc84c4c9816a94830c45884229815ce.png?w=350","https://i2c.seadn.io/ethereum/0xbe85fbd182af91290be7293438ae67549638189f/cbc84c4c9816a94830c45884229815ce.png","READY","Would download.",""
"9994","9994","RE-010617","ron-english-light-cult-9001-10000","NO","D:\github\ron-english-light-cult-9001-10000\images\9901-10000\LCCC-9994.png","https://i2c.seadn.io/ethereum/0xbe85fbd182af91290be7293438ae67549638189f/94e7d59858bdaf4f9d3267afc70c3569.png?w=350","https://i2c.seadn.io/ethereum/0xbe85fbd182af91290be7293438ae67549638189f/94e7d59858bdaf4f9d3267afc70c3569.png","READY","Would download.",""
"9995","9995","RE-010618","ron-english-light-cult-9001-10000","NO","D:\github\ron-english-light-cult-9001-10000\images\9901-10000\LCCC-9995.png","https://i2c.seadn.io/ethereum/0xbe85fbd182af91290be7293438ae67549638189f/9d4ba9588af4b83ed56fc1979d8d75c7.png?w=350","https://i2c.seadn.io/ethereum/0xbe85fbd182af91290be7293438ae67549638189f/9d4ba9588af4b83ed56fc1979d8d75c7.png","READY","Would download.",""
"9996","9996","RE-010619","ron-english-light-cult-9001-10000","NO","D:\github\ron-english-light-cult-9001-10000\images\9901-10000\LCCC-9996.png","https://i2c.seadn.io/ethereum/0xbe85fbd182af91290be7293438ae67549638189f/21fb42eb7f46da0f432de376c4184f90.png?w=350","https://i2c.seadn.io/ethereum/0xbe85fbd182af91290be7293438ae67549638189f/21fb42eb7f46da0f432de376c4184f90.png","READY","Would download.",""
"9997","9997","RE-010620","ron-english-light-cult-9001-10000","NO","D:\github\ron-english-light-cult-9001-10000\images\9901-10000\LCCC-9997.png","https://i2c.seadn.io/ethereum/0xbe85fbd182af91290be7293438ae67549638189f/9ebee1de4dc0bb357a2556bac03f580f.png?w=350","https://i2c.seadn.io/ethereum/0xbe85fbd182af91290be7293438ae67549638189f/9ebee1de4dc0bb357a2556bac03f580f.png","READY","Would download.",""
"9998","9998","RE-010621","ron-english-light-cult-9001-10000","NO","D:\github\ron-english-light-cult-9001-10000\images\9901-10000\LCCC-9998.png","https://i2c.seadn.io/ethereum/0xbe85fbd182af91290be7293438ae67549638189f/ec87877dd92fc8a13f75ab2c69faa137.png?w=350","https://i2c.seadn.io/ethereum/0xbe85fbd182af91290be7293438ae67549638189f/ec87877dd92fc8a13f75ab2c69faa137.png","READY","Would download.",""
"9999","9999","RE-010622","ron-english-light-cult-9001-10000","NO","D:\github\ron-english-light-cult-9001-10000\images\9901-10000\LCCC-9999.png","https://i2c.seadn.io/ethereum/0xbe85fbd182af91290be7293438ae67549638189f/75624340a4fdff333a03535f2a94a17f.png?w=350","https://i2c.seadn.io/ethereum/0xbe85fbd182af91290be7293438ae67549638189f/75624340a4fdff333a03535f2a94a17f.png","READY","Would download.",""
"10000","10000","RE-010623","ron-english-light-cult-9001-10000","NO","D:\github\ron-english-light-cult-9001-10000\images\9901-10000\LCCC-10000.png","https://i2c.seadn.io/ethereum/0xbe85fbd182af91290be7293438ae67549638189f/639010459bd48920c09be9a0190ae942.png?w=350","https://i2c.seadn.io/ethereum/0xbe85fbd182af91290be7293438ae67549638189f/639010459bd48920c09be9a0190ae942.png","READY","Would download.",""
"10001","10001","RE-010624","ron-english-light-cult-9001-10000","NO","D:\github\ron-english-light-cult-9001-10000\images\10001-10100\LCCC-10001.png","https://i2c.seadn.io/ethereum/0xbe85fbd182af91290be7293438ae67549638189f/7375fbc61c31a7ba36820894baa8bf2e.png?w=350","https://i2c.seadn.io/ethereum/0xbe85fbd182af91290be7293438ae67549638189f/7375fbc61c31a7ba36820894baa8bf2e.png","READY","Would download.",""
"10002","10002","RE-010625","ron-english-light-cult-9001-10000","NO","D:\github\ron-english-light-cult-9001-10000\images\10001-10100\LCCC-10002.png","https://i2c.seadn.io/ethereum/0xbe85fbd182af91290be7293438ae67549638189f/15076ca56fa3325fc804f9c72ce32db2.png?w=350","https://i2c.seadn.io/ethereum/0xbe85fbd182af91290be7293438ae67549638189f/15076ca56fa3325fc804f9c72ce32db2.png","READY","Would download.",""
"10003","10003","RE-010626","ron-english-light-cult-9001-10000","NO","D:\github\ron-english-light-cult-9001-10000\images\10001-10100\LCCC-10003.png","https://i2c.seadn.io/ethereum/0xbe85fbd182af91290be7293438ae67549638189f/68e9a6bf463d82b4514951125a6827ba.png?w=350","https://i2c.seadn.io/ethereum/0xbe85fbd182af91290be7293438ae67549638189f/68e9a6bf463d82b4514951125a6827ba.png","READY","Would download.",""
"10004","10004","RE-010627","ron-english-light-cult-9001-10000","NO","D:\github\ron-english-light-cult-9001-10000\images\10001-10100\LCCC-10004.png","https://i2c.seadn.io/ethereum/0xbe85fbd182af91290be7293438ae67549638189f/682b7b80b21bff06b68ab9738107e54b.png?w=350","https://i2c.seadn.io/ethereum/0xbe85fbd182af91290be7293438ae67549638189f/682b7b80b21bff06b68ab9738107e54b.png","READY","Would download.",""
"10005","10005","RE-010628","ron-english-light-cult-9001-10000","NO","D:\github\ron-english-light-cult-9001-10000\images\10001-10100\LCCC-10005.png","https://i2c.seadn.io/ethereum/0xbe85fbd182af91290be7293438ae67549638189f/ca24b0a5d3a9173924b43d70bd87e39e.png?w=350","https://i2c.seadn.io/ethereum/0xbe85fbd182af91290be7293438ae67549638189f/ca24b0a5d3a9173924b43d70bd87e39e.png","READY","Would download.",""
