"RepoName","RepoPath","HtmlFilesFound","ItemFilesFound","GalleryOrIndexFilesFound","TokenRecordsFound","GalleryImageReferenceCount","FirstTokenFound","LastTokenFound","FirstNewWorkId","LastNewWorkId"
"ron-english-light-cult-0001-1000","D:\github\ron-english-light-cult-0001-1000","883","871","11","871","1742","1","1000","RE-001811","RE-002681"
"ron-english-light-cult-1001-2000","D:\github\ron-english-light-cult-1001-2000","912","901","11","901","911","1001","2000","RE-002682","RE-003582"
"ron-english-light-cult-2001-3000","D:\github\ron-english-light-cult-2001-3000","887","876","11","876","886","2001","3000","RE-003583","RE-004458"
"ron-english-light-cult-3001-4000","D:\github\ron-english-light-cult-3001-4000","907","896","11","896","906","3002","4000","RE-004459","RE-005354"
"ron-english-light-cult-4001-5000","D:\github\ron-english-light-cult-4001-5000","881","870","11","870","880","4002","5000","RE-005355","RE-006224"
"ron-english-light-cult-5001-6000","D:\github\ron-english-light-cult-5001-6000","895","884","11","884","894","5001","6000","RE-006225","RE-007108"
"ron-english-light-cult-6001-7000","D:\github\ron-english-light-cult-6001-7000","881","870","11","870","880","6001","7000","RE-007109","RE-007978"
"ron-english-light-cult-7001-8000","D:\github\ron-english-light-cult-7001-8000","896","885","11","885","895","7001","8000","RE-007979","RE-008863"
"ron-english-light-cult-8001-9000","D:\github\ron-english-light-cult-8001-9000","892","881","11","881","891","8001","9000","RE-008864","RE-009744"
"ron-english-light-cult-9001-10000","D:\github\ron-english-light-cult-9001-10000","758","746","12","746","0","9001","9746","RE-009745","RE-010490"
