"AlphabeticalPosition","FileName","FullPath","CopiedTo","Extension","SizeKB"
"1","222QM3JZ__Diapositiva710.JPG","E:\Zotero-organized-export\JPG-JPEG\Light Cult NFTs\222QM3JZ__Diapositiva710.JPG","D:\github\ron-english-nfts\light-cult-crypto-club\images\alphabetical-0001-0100\222QM3JZ__Diapositiva710.JPG",".JPG","143.6"
"2","228FKVZI__Diapositiva149.JPG","E:\Zotero-organized-export\JPG-JPEG\Light Cult NFTs\228FKVZI__Diapositiva149.JPG","D:\github\ron-english-nfts\light-cult-crypto-club\images\alphabetical-0001-0100\228FKVZI__Diapositiva149.JPG",".JPG","63.1"
"3","229LBUIJ__4680 - Light Cult Crypto Club.JPG","E:\Zotero-organized-export\JPG-JPEG\Light Cult NFTs\229LBUIJ__4680 - Light Cult Crypto Club.JPG","D:\github\ron-english-nfts\light-cult-crypto-club\images\alphabetical-0001-0100\229LBUIJ__4680 - Light Cult Crypto Club.JPG",".JPG","148.5"
"4","22L2T4C9__5189 - Light Cult Crypto Club.JPG","E:\Zotero-organized-export\JPG-JPEG\Light Cult NFTs\22L2T4C9__5189 - Light Cult Crypto Club.JPG","D:\github\ron-english-nfts\light-cult-crypto-club\images\alphabetical-0001-0100\22L2T4C9__5189 - Light Cult Crypto Club.JPG",".JPG","94.9"
"5","22MLLGB5__Diapositiva947.JPG","E:\Zotero-organized-export\JPG-JPEG\Light Cult NFTs\22MLLGB5__Diapositiva947.JPG","D:\github\ron-english-nfts\light-cult-crypto-club\images\alphabetical-0001-0100\22MLLGB5__Diapositiva947.JPG",".JPG","73.6"
"6","22N76YQ7__Diapositiva268.JPG","E:\Zotero-organized-export\JPG-JPEG\Light Cult NFTs\22N76YQ7__Diapositiva268.JPG","D:\github\ron-english-nfts\light-cult-crypto-club\images\alphabetical-0001-0100\22N76YQ7__Diapositiva268.JPG",".JPG","65.5"
"7","22VJY6Z8__4228 - Light Cult Crypto Club.JPG","E:\Zotero-organized-export\JPG-JPEG\Light Cult NFTs\22VJY6Z8__4228 - Light Cult Crypto Club.JPG","D:\github\ron-english-nfts\light-cult-crypto-club\images\alphabetical-0001-0100\22VJY6Z8__4228 - Light Cult Crypto Club.JPG",".JPG","70.8"
"8","22WAH56J__Diapositiva735.JPG","E:\Zotero-organized-export\JPG-JPEG\Light Cult NFTs\22WAH56J__Diapositiva735.JPG","D:\github\ron-english-nfts\light-cult-crypto-club\images\alphabetical-0001-0100\22WAH56J__Diapositiva735.JPG",".JPG","126.5"
"9","22Z622PG__7321 - Light Cult Crypto Club.JPG","E:\Zotero-organized-export\JPG-JPEG\Light Cult NFTs\22Z622PG__7321 - Light Cult Crypto Club.JPG","D:\github\ron-english-nfts\light-cult-crypto-club\images\alphabetical-0001-0100\22Z622PG__7321 - Light Cult Crypto Club.JPG",".JPG","108"
"10","232NMBBG__4470 - Light Cult Crypto Club.JPG","E:\Zotero-organized-export\JPG-JPEG\Light Cult NFTs\232NMBBG__4470 - Light Cult Crypto Club.JPG","D:\github\ron-english-nfts\light-cult-crypto-club\images\alphabetical-0001-0100\232NMBBG__4470 - Light Cult Crypto Club.JPG",".JPG","133"
"11","23AIXAKI__4647 - Light Cult Crypto Club.JPG","E:\Zotero-organized-export\JPG-JPEG\Light Cult NFTs\23AIXAKI__4647 - Light Cult Crypto Club.JPG","D:\github\ron-english-nfts\light-cult-crypto-club\images\alphabetical-0001-0100\23AIXAKI__4647 - Light Cult Crypto Club.JPG",".JPG","118.1"
"12","23AVYMS3__3935 - Light Cult Crypto Club.JPG","E:\Zotero-organized-export\JPG-JPEG\Light Cult NFTs\23AVYMS3__3935 - Light Cult Crypto Club.JPG","D:\github\ron-english-nfts\light-cult-crypto-club\images\alphabetical-0001-0100\23AVYMS3__3935 - Light Cult Crypto Club.JPG",".JPG","94.9"
"13","23KE75H4__7520 - Light Cult Crypto Club.JPG","E:\Zotero-organized-export\JPG-JPEG\Light Cult NFTs\23KE75H4__7520 - Light Cult Crypto Club.JPG","D:\github\ron-english-nfts\light-cult-crypto-club\images\alphabetical-0001-0100\23KE75H4__7520 - Light Cult Crypto Club.JPG",".JPG","121.3"
"14","23LUH7NZ__8024 - Light Cult Crypto Club.JPG","E:\Zotero-organized-export\JPG-JPEG\Light Cult NFTs\23LUH7NZ__8024 - Light Cult Crypto Club.JPG","D:\github\ron-english-nfts\light-cult-crypto-club\images\alphabetical-0001-0100\23LUH7NZ__8024 - Light Cult Crypto Club.JPG",".JPG","55.7"
"15","23NFTBKZ__4525 - Light Cult Crypto Club.JPG","E:\Zotero-organized-export\JPG-JPEG\Light Cult NFTs\23NFTBKZ__4525 - Light Cult Crypto Club.JPG","D:\github\ron-english-nfts\light-cult-crypto-club\images\alphabetical-0001-0100\23NFTBKZ__4525 - Light Cult Crypto Club.JPG",".JPG","119"
"16","23UI68VL__5281 - Light Cult Crypto Club.JPG","E:\Zotero-organized-export\JPG-JPEG\Light Cult NFTs\23UI68VL__5281 - Light Cult Crypto Club.JPG","D:\github\ron-english-nfts\light-cult-crypto-club\images\alphabetical-0001-0100\23UI68VL__5281 - Light Cult Crypto Club.JPG",".JPG","71.8"
"17","23X396UB__8081 - Light Cult Crypto Club.JPG","E:\Zotero-organized-export\JPG-JPEG\Light Cult NFTs\23X396UB__8081 - Light Cult Crypto Club.JPG","D:\github\ron-english-nfts\light-cult-crypto-club\images\alphabetical-0001-0100\23X396UB__8081 - Light Cult Crypto Club.JPG",".JPG","139.7"
"18","23XI63TH__7596 - Light Cult Crypto Club.JPG","E:\Zotero-organized-export\JPG-JPEG\Light Cult NFTs\23XI63TH__7596 - Light Cult Crypto Club.JPG","D:\github\ron-english-nfts\light-cult-crypto-club\images\alphabetical-0001-0100\23XI63TH__7596 - Light Cult Crypto Club.JPG",".JPG","39.2"
"19","23YHIEXN__9593 - Light Cult Crypto Club.JPG","E:\Zotero-organized-export\JPG-JPEG\Light Cult NFTs\23YHIEXN__9593 - Light Cult Crypto Club.JPG","D:\github\ron-english-nfts\light-cult-crypto-club\images\alphabetical-0001-0100\23YHIEXN__9593 - Light Cult Crypto Club.JPG",".JPG","90.8"
"20","246YZ5P8__4486 - Light Cult Crypto Club.JPG","E:\Zotero-organized-export\JPG-JPEG\Light Cult NFTs\246YZ5P8__4486 - Light Cult Crypto Club.JPG","D:\github\ron-english-nfts\light-cult-crypto-club\images\alphabetical-0001-0100\246YZ5P8__4486 - Light Cult Crypto Club.JPG",".JPG","94"
"21","24DJAICF__Diapositiva527.JPG","E:\Zotero-organized-export\JPG-JPEG\Light Cult NFTs\24DJAICF__Diapositiva527.JPG","D:\github\ron-english-nfts\light-cult-crypto-club\images\alphabetical-0001-0100\24DJAICF__Diapositiva527.JPG",".JPG","154.5"
"22","24IMKVJN__7964 - Light Cult Crypto Club.JPG","E:\Zotero-organized-export\JPG-JPEG\Light Cult NFTs\24IMKVJN__7964 - Light Cult Crypto Club.JPG","D:\github\ron-english-nfts\light-cult-crypto-club\images\alphabetical-0001-0100\24IMKVJN__7964 - Light Cult Crypto Club.JPG",".JPG","99"
"23","24KHAMH3__8251 - Light Cult Crypto Club.JPG","E:\Zotero-organized-export\JPG-JPEG\Light Cult NFTs\24KHAMH3__8251 - Light Cult Crypto Club.JPG","D:\github\ron-english-nfts\light-cult-crypto-club\images\alphabetical-0001-0100\24KHAMH3__8251 - Light Cult Crypto Club.JPG",".JPG","56.1"
"24","24KITMK6__6379 - Light Cult Crypto Club.JPG","E:\Zotero-organized-export\JPG-JPEG\Light Cult NFTs\24KITMK6__6379 - Light Cult Crypto Club.JPG","D:\github\ron-english-nfts\light-cult-crypto-club\images\alphabetical-0001-0100\24KITMK6__6379 - Light Cult Crypto Club.JPG",".JPG","50.4"
"25","24PNDCVY__4681 - Light Cult Crypto Club.JPG","E:\Zotero-organized-export\JPG-JPEG\Light Cult NFTs\24PNDCVY__4681 - Light Cult Crypto Club.JPG","D:\github\ron-english-nfts\light-cult-crypto-club\images\alphabetical-0001-0100\24PNDCVY__4681 - Light Cult Crypto Club.JPG",".JPG","60.9"
"26","24Z6XCS4__9875 - Light Cult Crypto Club.JPG","E:\Zotero-organized-export\JPG-JPEG\Light Cult NFTs\24Z6XCS4__9875 - Light Cult Crypto Club.JPG","D:\github\ron-english-nfts\light-cult-crypto-club\images\alphabetical-0001-0100\24Z6XCS4__9875 - Light Cult Crypto Club.JPG",".JPG","75.8"
"27","257JDTVH__5830 - Light Cult Crypto Club.JPG","E:\Zotero-organized-export\JPG-JPEG\Light Cult NFTs\257JDTVH__5830 - Light Cult Crypto Club.JPG","D:\github\ron-english-nfts\light-cult-crypto-club\images\alphabetical-0001-0100\257JDTVH__5830 - Light Cult Crypto Club.JPG",".JPG","125.8"
"28","25AAPHUP__3216 - Light Cult Crypto Club.JPG","E:\Zotero-organized-export\JPG-JPEG\Light Cult NFTs\25AAPHUP__3216 - Light Cult Crypto Club.JPG","D:\github\ron-english-nfts\light-cult-crypto-club\images\alphabetical-0001-0100\25AAPHUP__3216 - Light Cult Crypto Club.JPG",".JPG","72.6"
"29","25CL4SR5__3675 - Light Cult Crypto Club.JPG","E:\Zotero-organized-export\JPG-JPEG\Light Cult NFTs\25CL4SR5__3675 - Light Cult Crypto Club.JPG","D:\github\ron-english-nfts\light-cult-crypto-club\images\alphabetical-0001-0100\25CL4SR5__3675 - Light Cult Crypto Club.JPG",".JPG","87.9"
"30","25NQYE9H__9164 - Light Cult Crypto Club.JPG","E:\Zotero-organized-export\JPG-JPEG\Light Cult NFTs\25NQYE9H__9164 - Light Cult Crypto Club.JPG","D:\github\ron-english-nfts\light-cult-crypto-club\images\alphabetical-0001-0100\25NQYE9H__9164 - Light Cult Crypto Club.JPG",".JPG","141"
"31","25SVPA22__Diapositiva804.JPG","E:\Zotero-organized-export\JPG-JPEG\Light Cult NFTs\25SVPA22__Diapositiva804.JPG","D:\github\ron-english-nfts\light-cult-crypto-club\images\alphabetical-0001-0100\25SVPA22__Diapositiva804.JPG",".JPG","54"
"32","25TL76TN__4005 - Light Cult Crypto Club.JPG","E:\Zotero-organized-export\JPG-JPEG\Light Cult NFTs\25TL76TN__4005 - Light Cult Crypto Club.JPG","D:\github\ron-english-nfts\light-cult-crypto-club\images\alphabetical-0001-0100\25TL76TN__4005 - Light Cult Crypto Club.JPG",".JPG","63.1"
"33","25W85AIE__9664 - Light Cult Crypto Club.JPG","E:\Zotero-organized-export\JPG-JPEG\Light Cult NFTs\25W85AIE__9664 - Light Cult Crypto Club.JPG","D:\github\ron-english-nfts\light-cult-crypto-club\images\alphabetical-0001-0100\25W85AIE__9664 - Light Cult Crypto Club.JPG",".JPG","44.9"
"34","25XK76L4__4405 - Light Cult Crypto Club.JPG","E:\Zotero-organized-export\JPG-JPEG\Light Cult NFTs\25XK76L4__4405 - Light Cult Crypto Club.JPG","D:\github\ron-english-nfts\light-cult-crypto-club\images\alphabetical-0001-0100\25XK76L4__4405 - Light Cult Crypto Club.JPG",".JPG","141.1"
"35","2627SQ8L__Diapositiva970.JPG","E:\Zotero-organized-export\JPG-JPEG\Light Cult NFTs\2627SQ8L__Diapositiva970.JPG","D:\github\ron-english-nfts\light-cult-crypto-club\images\alphabetical-0001-0100\2627SQ8L__Diapositiva970.JPG",".JPG","117.8"
"36","2635DQWA__9475 - Light Cult Crypto Club.JPG","E:\Zotero-organized-export\JPG-JPEG\Light Cult NFTs\2635DQWA__9475 - Light Cult Crypto Club.JPG","D:\github\ron-english-nfts\light-cult-crypto-club\images\alphabetical-0001-0100\2635DQWA__9475 - Light Cult Crypto Club.JPG",".JPG","198.7"
"37","265DPMGC__7709 - Light Cult Crypto Club.JPG","E:\Zotero-organized-export\JPG-JPEG\Light Cult NFTs\265DPMGC__7709 - Light Cult Crypto Club.JPG","D:\github\ron-english-nfts\light-cult-crypto-club\images\alphabetical-0001-0100\265DPMGC__7709 - Light Cult Crypto Club.JPG",".JPG","128.6"
"38","26988X4C__7189 - Light Cult Crypto Club.JPG","E:\Zotero-organized-export\JPG-JPEG\Light Cult NFTs\26988X4C__7189 - Light Cult Crypto Club.JPG","D:\github\ron-english-nfts\light-cult-crypto-club\images\alphabetical-0001-0100\26988X4C__7189 - Light Cult Crypto Club.JPG",".JPG","44.9"
"39","26FY4K5T__5629 - Light Cult Crypto Club.JPG","E:\Zotero-organized-export\JPG-JPEG\Light Cult NFTs\26FY4K5T__5629 - Light Cult Crypto Club.JPG","D:\github\ron-english-nfts\light-cult-crypto-club\images\alphabetical-0001-0100\26FY4K5T__5629 - Light Cult Crypto Club.JPG",".JPG","66.6"
"40","26RGNEBS__Diapositiva760.JPG","E:\Zotero-organized-export\JPG-JPEG\Light Cult NFTs\26RGNEBS__Diapositiva760.JPG","D:\github\ron-english-nfts\light-cult-crypto-club\images\alphabetical-0001-0100\26RGNEBS__Diapositiva760.JPG",".JPG","60.8"
"41","26UFAXNA__7260 - Light Cult Crypto Club.JPG","E:\Zotero-organized-export\JPG-JPEG\Light Cult NFTs\26UFAXNA__7260 - Light Cult Crypto Club.JPG","D:\github\ron-english-nfts\light-cult-crypto-club\images\alphabetical-0001-0100\26UFAXNA__7260 - Light Cult Crypto Club.JPG",".JPG","113.9"
"42","26UG7FF9__6080 - Light Cult Crypto Club.JPG","E:\Zotero-organized-export\JPG-JPEG\Light Cult NFTs\26UG7FF9__6080 - Light Cult Crypto Club.JPG","D:\github\ron-english-nfts\light-cult-crypto-club\images\alphabetical-0001-0100\26UG7FF9__6080 - Light Cult Crypto Club.JPG",".JPG","85"
"43","26WU3XGL__9120 - Light Cult Crypto Club.JPG","E:\Zotero-organized-export\JPG-JPEG\Light Cult NFTs\26WU3XGL__9120 - Light Cult Crypto Club.JPG","D:\github\ron-english-nfts\light-cult-crypto-club\images\alphabetical-0001-0100\26WU3XGL__9120 - Light Cult Crypto Club.JPG",".JPG","78.8"
"44","275ZR5BT__Diapositiva307.JPG","E:\Zotero-organized-export\JPG-JPEG\Light Cult NFTs\275ZR5BT__Diapositiva307.JPG","D:\github\ron-english-nfts\light-cult-crypto-club\images\alphabetical-0001-0100\275ZR5BT__Diapositiva307.JPG",".JPG","43.3"
"45","2793AAEI__6241 - Light Cult Crypto Club.JPG","E:\Zotero-organized-export\JPG-JPEG\Light Cult NFTs\2793AAEI__6241 - Light Cult Crypto Club.JPG","D:\github\ron-english-nfts\light-cult-crypto-club\images\alphabetical-0001-0100\2793AAEI__6241 - Light Cult Crypto Club.JPG",".JPG","58.8"
"46","27BX3DU7__Diapositiva686.JPG","E:\Zotero-organized-export\JPG-JPEG\Light Cult NFTs\27BX3DU7__Diapositiva686.JPG","D:\github\ron-english-nfts\light-cult-crypto-club\images\alphabetical-0001-0100\27BX3DU7__Diapositiva686.JPG",".JPG","150.8"
"47","27G6XLDH__7803 - Light Cult Crypto Club.JPG","E:\Zotero-organized-export\JPG-JPEG\Light Cult NFTs\27G6XLDH__7803 - Light Cult Crypto Club.JPG","D:\github\ron-english-nfts\light-cult-crypto-club\images\alphabetical-0001-0100\27G6XLDH__7803 - Light Cult Crypto Club.JPG",".JPG","123.5"
"48","27SGRV3Q__8827 - Light Cult Crypto Club.JPG","E:\Zotero-organized-export\JPG-JPEG\Light Cult NFTs\27SGRV3Q__8827 - Light Cult Crypto Club.JPG","D:\github\ron-english-nfts\light-cult-crypto-club\images\alphabetical-0001-0100\27SGRV3Q__8827 - Light Cult Crypto Club.JPG",".JPG","78.3"
"49","27WN5NSP__9307 - Light Cult Crypto Club.JPG","E:\Zotero-organized-export\JPG-JPEG\Light Cult NFTs\27WN5NSP__9307 - Light Cult Crypto Club.JPG","D:\github\ron-english-nfts\light-cult-crypto-club\images\alphabetical-0001-0100\27WN5NSP__9307 - Light Cult Crypto Club.JPG",".JPG","133.8"
"50","27ZJ85KU__9135 - Light Cult Crypto Club.JPG","E:\Zotero-organized-export\JPG-JPEG\Light Cult NFTs\27ZJ85KU__9135 - Light Cult Crypto Club.JPG","D:\github\ron-english-nfts\light-cult-crypto-club\images\alphabetical-0001-0100\27ZJ85KU__9135 - Light Cult Crypto Club.JPG",".JPG","144.3"
"51","282IHH9V__5104 - Light Cult Crypto Club.JPG","E:\Zotero-organized-export\JPG-JPEG\Light Cult NFTs\282IHH9V__5104 - Light Cult Crypto Club.JPG","D:\github\ron-english-nfts\light-cult-crypto-club\images\alphabetical-0001-0100\282IHH9V__5104 - Light Cult Crypto Club.JPG",".JPG","62.4"
"52","287NPL3F__Diapositiva849.JPG","E:\Zotero-organized-export\JPG-JPEG\Light Cult NFTs\287NPL3F__Diapositiva849.JPG","D:\github\ron-english-nfts\light-cult-crypto-club\images\alphabetical-0001-0100\287NPL3F__Diapositiva849.JPG",".JPG","119.6"
"53","287VTFCZ__7865 - Light Cult Crypto Club.JPG","E:\Zotero-organized-export\JPG-JPEG\Light Cult NFTs\287VTFCZ__7865 - Light Cult Crypto Club.JPG","D:\github\ron-english-nfts\light-cult-crypto-club\images\alphabetical-0001-0100\287VTFCZ__7865 - Light Cult Crypto Club.JPG",".JPG","137.4"
"54","28A2B2TZ__4748 - Light Cult Crypto Club.JPG","E:\Zotero-organized-export\JPG-JPEG\Light Cult NFTs\28A2B2TZ__4748 - Light Cult Crypto Club.JPG","D:\github\ron-english-nfts\light-cult-crypto-club\images\alphabetical-0001-0100\28A2B2TZ__4748 - Light Cult Crypto Club.JPG",".JPG","114.6"
"55","28H59YDG__8902 - Light Cult Crypto Club.JPG","E:\Zotero-organized-export\JPG-JPEG\Light Cult NFTs\28H59YDG__8902 - Light Cult Crypto Club.JPG","D:\github\ron-english-nfts\light-cult-crypto-club\images\alphabetical-0001-0100\28H59YDG__8902 - Light Cult Crypto Club.JPG",".JPG","67.9"
"56","28K7HGUD__3349 - Light Cult Crypto Club.JPG","E:\Zotero-organized-export\JPG-JPEG\Light Cult NFTs\28K7HGUD__3349 - Light Cult Crypto Club.JPG","D:\github\ron-english-nfts\light-cult-crypto-club\images\alphabetical-0001-0100\28K7HGUD__3349 - Light Cult Crypto Club.JPG",".JPG","135.1"
"57","28RSDFSX__6688 - Light Cult Crypto Club.JPG","E:\Zotero-organized-export\JPG-JPEG\Light Cult NFTs\28RSDFSX__6688 - Light Cult Crypto Club.JPG","D:\github\ron-english-nfts\light-cult-crypto-club\images\alphabetical-0001-0100\28RSDFSX__6688 - Light Cult Crypto Club.JPG",".JPG","74.3"
"58","28ZUI3UV__5976 - Light Cult Crypto Club.JPG","E:\Zotero-organized-export\JPG-JPEG\Light Cult NFTs\28ZUI3UV__5976 - Light Cult Crypto Club.JPG","D:\github\ron-english-nfts\light-cult-crypto-club\images\alphabetical-0001-0100\28ZUI3UV__5976 - Light Cult Crypto Club.JPG",".JPG","116.7"
"59","295CBCQ8__Diapositiva108.JPG","E:\Zotero-organized-export\JPG-JPEG\Light Cult NFTs\295CBCQ8__Diapositiva108.JPG","D:\github\ron-english-nfts\light-cult-crypto-club\images\alphabetical-0001-0100\295CBCQ8__Diapositiva108.JPG",".JPG","71.9"
"60","295JGKTF__6574 - Light Cult Crypto Club.JPG","E:\Zotero-organized-export\JPG-JPEG\Light Cult NFTs\295JGKTF__6574 - Light Cult Crypto Club.JPG","D:\github\ron-english-nfts\light-cult-crypto-club\images\alphabetical-0001-0100\295JGKTF__6574 - Light Cult Crypto Club.JPG",".JPG","122.5"
"61","298PYS7C__8362 - Light Cult Crypto Club.JPG","E:\Zotero-organized-export\JPG-JPEG\Light Cult NFTs\298PYS7C__8362 - Light Cult Crypto Club.JPG","D:\github\ron-english-nfts\light-cult-crypto-club\images\alphabetical-0001-0100\298PYS7C__8362 - Light Cult Crypto Club.JPG",".JPG","48.9"
"62","29AQYAWC__7062 - Light Cult Crypto Club.JPG","E:\Zotero-organized-export\JPG-JPEG\Light Cult NFTs\29AQYAWC__7062 - Light Cult Crypto Club.JPG","D:\github\ron-english-nfts\light-cult-crypto-club\images\alphabetical-0001-0100\29AQYAWC__7062 - Light Cult Crypto Club.JPG",".JPG","67.4"
"63","29BFHADW__8327 - Light Cult Crypto Club.JPG","E:\Zotero-organized-export\JPG-JPEG\Light Cult NFTs\29BFHADW__8327 - Light Cult Crypto Club.JPG","D:\github\ron-english-nfts\light-cult-crypto-club\images\alphabetical-0001-0100\29BFHADW__8327 - Light Cult Crypto Club.JPG",".JPG","46.7"
"64","29EBS8W9__6641 - Light Cult Crypto Club.JPG","E:\Zotero-organized-export\JPG-JPEG\Light Cult NFTs\29EBS8W9__6641 - Light Cult Crypto Club.JPG","D:\github\ron-english-nfts\light-cult-crypto-club\images\alphabetical-0001-0100\29EBS8W9__6641 - Light Cult Crypto Club.JPG",".JPG","77.3"
"65","29FWTLB4__4939 - Light Cult Crypto Club.JPG","E:\Zotero-organized-export\JPG-JPEG\Light Cult NFTs\29FWTLB4__4939 - Light Cult Crypto Club.JPG","D:\github\ron-english-nfts\light-cult-crypto-club\images\alphabetical-0001-0100\29FWTLB4__4939 - Light Cult Crypto Club.JPG",".JPG","132.1"
"66","29JX55GP__6675 - Light Cult Crypto Club.JPG","E:\Zotero-organized-export\JPG-JPEG\Light Cult NFTs\29JX55GP__6675 - Light Cult Crypto Club.JPG","D:\github\ron-english-nfts\light-cult-crypto-club\images\alphabetical-0001-0100\29JX55GP__6675 - Light Cult Crypto Club.JPG",".JPG","131.5"
"67","29MHWJV3__9271 - Light Cult Crypto Club.JPG","E:\Zotero-organized-export\JPG-JPEG\Light Cult NFTs\29MHWJV3__9271 - Light Cult Crypto Club.JPG","D:\github\ron-english-nfts\light-cult-crypto-club\images\alphabetical-0001-0100\29MHWJV3__9271 - Light Cult Crypto Club.JPG",".JPG","121.3"
"68","29MNDF37__Diapositiva892.JPG","E:\Zotero-organized-export\JPG-JPEG\Light Cult NFTs\29MNDF37__Diapositiva892.JPG","D:\github\ron-english-nfts\light-cult-crypto-club\images\alphabetical-0001-0100\29MNDF37__Diapositiva892.JPG",".JPG","100.3"
"69","29QJWL2F__9283 - Light Cult Crypto Club.JPG","E:\Zotero-organized-export\JPG-JPEG\Light Cult NFTs\29QJWL2F__9283 - Light Cult Crypto Club.JPG","D:\github\ron-english-nfts\light-cult-crypto-club\images\alphabetical-0001-0100\29QJWL2F__9283 - Light Cult Crypto Club.JPG",".JPG","195.8"
"70","29U5US6A__3482 - Light Cult Crypto Club.JPG","E:\Zotero-organized-export\JPG-JPEG\Light Cult NFTs\29U5US6A__3482 - Light Cult Crypto Club.JPG","D:\github\ron-english-nfts\light-cult-crypto-club\images\alphabetical-0001-0100\29U5US6A__3482 - Light Cult Crypto Club.JPG",".JPG","108.3"
"71","29WZCCNT__8709 - Light Cult Crypto Club.JPG","E:\Zotero-organized-export\JPG-JPEG\Light Cult NFTs\29WZCCNT__8709 - Light Cult Crypto Club.JPG","D:\github\ron-english-nfts\light-cult-crypto-club\images\alphabetical-0001-0100\29WZCCNT__8709 - Light Cult Crypto Club.JPG",".JPG","127.5"
"72","29X5H5G2__3281 - Light Cult Crypto Club.JPG","E:\Zotero-organized-export\JPG-JPEG\Light Cult NFTs\29X5H5G2__3281 - Light Cult Crypto Club.JPG","D:\github\ron-english-nfts\light-cult-crypto-club\images\alphabetical-0001-0100\29X5H5G2__3281 - Light Cult Crypto Club.JPG",".JPG","125.3"
"73","2A3VX43C__7315 - Light Cult Crypto Club.JPG","E:\Zotero-organized-export\JPG-JPEG\Light Cult NFTs\2A3VX43C__7315 - Light Cult Crypto Club.JPG","D:\github\ron-english-nfts\light-cult-crypto-club\images\alphabetical-0001-0100\2A3VX43C__7315 - Light Cult Crypto Club.JPG",".JPG","119.9"
"74","2A535B7S__5440 - Light Cult Crypto Club.JPG","E:\Zotero-organized-export\JPG-JPEG\Light Cult NFTs\2A535B7S__5440 - Light Cult Crypto Club.JPG","D:\github\ron-english-nfts\light-cult-crypto-club\images\alphabetical-0001-0100\2A535B7S__5440 - Light Cult Crypto Club.JPG",".JPG","164.4"
"75","2ADUTAUE__Diapositiva571.JPG","E:\Zotero-organized-export\JPG-JPEG\Light Cult NFTs\2ADUTAUE__Diapositiva571.JPG","D:\github\ron-english-nfts\light-cult-crypto-club\images\alphabetical-0001-0100\2ADUTAUE__Diapositiva571.JPG",".JPG","89.9"
"76","2AE6763N__7701 - Light Cult Crypto Club.JPG","E:\Zotero-organized-export\JPG-JPEG\Light Cult NFTs\2AE6763N__7701 - Light Cult Crypto Club.JPG","D:\github\ron-english-nfts\light-cult-crypto-club\images\alphabetical-0001-0100\2AE6763N__7701 - Light Cult Crypto Club.JPG",".JPG","34.5"
"77","2AFMAAKG__7794 - Light Cult Crypto Club.JPG","E:\Zotero-organized-export\JPG-JPEG\Light Cult NFTs\2AFMAAKG__7794 - Light Cult Crypto Club.JPG","D:\github\ron-english-nfts\light-cult-crypto-club\images\alphabetical-0001-0100\2AFMAAKG__7794 - Light Cult Crypto Club.JPG",".JPG","134.8"
"78","2AI397GL__Diapositiva579.JPG","E:\Zotero-organized-export\JPG-JPEG\Light Cult NFTs\2AI397GL__Diapositiva579.JPG","D:\github\ron-english-nfts\light-cult-crypto-club\images\alphabetical-0001-0100\2AI397GL__Diapositiva579.JPG",".JPG","75.4"
"79","2ARM5SQS__Diapositiva783.JPG","E:\Zotero-organized-export\JPG-JPEG\Light Cult NFTs\2ARM5SQS__Diapositiva783.JPG","D:\github\ron-english-nfts\light-cult-crypto-club\images\alphabetical-0001-0100\2ARM5SQS__Diapositiva783.JPG",".JPG","171.3"
"80","2BAMMEAH__4823 - Light Cult Crypto Club.JPG","E:\Zotero-organized-export\JPG-JPEG\Light Cult NFTs\2BAMMEAH__4823 - Light Cult Crypto Club.JPG","D:\github\ron-english-nfts\light-cult-crypto-club\images\alphabetical-0001-0100\2BAMMEAH__4823 - Light Cult Crypto Club.JPG",".JPG","76.8"
"81","2BC58LQH__8195 - Light Cult Crypto Club.JPG","E:\Zotero-organized-export\JPG-JPEG\Light Cult NFTs\2BC58LQH__8195 - Light Cult Crypto Club.JPG","D:\github\ron-english-nfts\light-cult-crypto-club\images\alphabetical-0001-0100\2BC58LQH__8195 - Light Cult Crypto Club.JPG",".JPG","88.5"
"82","2BEFBLKI__6088 - Light Cult Crypto Club.JPG","E:\Zotero-organized-export\JPG-JPEG\Light Cult NFTs\2BEFBLKI__6088 - Light Cult Crypto Club.JPG","D:\github\ron-english-nfts\light-cult-crypto-club\images\alphabetical-0001-0100\2BEFBLKI__6088 - Light Cult Crypto Club.JPG",".JPG","135.4"
"83","2BFVL439__9834 - Light Cult Crypto Club.JPG","E:\Zotero-organized-export\JPG-JPEG\Light Cult NFTs\2BFVL439__9834 - Light Cult Crypto Club.JPG","D:\github\ron-english-nfts\light-cult-crypto-club\images\alphabetical-0001-0100\2BFVL439__9834 - Light Cult Crypto Club.JPG",".JPG","89.3"
"84","2BH37Z5N__4711 - Light Cult Crypto Club.JPG","E:\Zotero-organized-export\JPG-JPEG\Light Cult NFTs\2BH37Z5N__4711 - Light Cult Crypto Club.JPG","D:\github\ron-english-nfts\light-cult-crypto-club\images\alphabetical-0001-0100\2BH37Z5N__4711 - Light Cult Crypto Club.JPG",".JPG","114"
"85","2BJZS2VH__Diapositiva228.JPG","E:\Zotero-organized-export\JPG-JPEG\Light Cult NFTs\2BJZS2VH__Diapositiva228.JPG","D:\github\ron-english-nfts\light-cult-crypto-club\images\alphabetical-0001-0100\2BJZS2VH__Diapositiva228.JPG",".JPG","107.8"
"86","2BK7D7LQ__5759 - Light Cult Crypto Club.JPG","E:\Zotero-organized-export\JPG-JPEG\Light Cult NFTs\2BK7D7LQ__5759 - Light Cult Crypto Club.JPG","D:\github\ron-english-nfts\light-cult-crypto-club\images\alphabetical-0001-0100\2BK7D7LQ__5759 - Light Cult Crypto Club.JPG",".JPG","72.4"
"87","2BRDXBD9__7944 - Light Cult Crypto Club.JPG","E:\Zotero-organized-export\JPG-JPEG\Light Cult NFTs\2BRDXBD9__7944 - Light Cult Crypto Club.JPG","D:\github\ron-english-nfts\light-cult-crypto-club\images\alphabetical-0001-0100\2BRDXBD9__7944 - Light Cult Crypto Club.JPG",".JPG","142.1"
"88","2BRPV3AJ__4141 - Light Cult Crypto Club.JPG","E:\Zotero-organized-export\JPG-JPEG\Light Cult NFTs\2BRPV3AJ__4141 - Light Cult Crypto Club.JPG","D:\github\ron-english-nfts\light-cult-crypto-club\images\alphabetical-0001-0100\2BRPV3AJ__4141 - Light Cult Crypto Club.JPG",".JPG","77.4"
"89","2C2F7MGL__7769 - Light Cult Crypto Club.JPG","E:\Zotero-organized-export\JPG-JPEG\Light Cult NFTs\2C2F7MGL__7769 - Light Cult Crypto Club.JPG","D:\github\ron-english-nfts\light-cult-crypto-club\images\alphabetical-0001-0100\2C2F7MGL__7769 - Light Cult Crypto Club.JPG",".JPG","72.6"
"90","2CCM78NQ__5930 - Light Cult Crypto Club.JPG","E:\Zotero-organized-export\JPG-JPEG\Light Cult NFTs\2CCM78NQ__5930 - Light Cult Crypto Club.JPG","D:\github\ron-english-nfts\light-cult-crypto-club\images\alphabetical-0001-0100\2CCM78NQ__5930 - Light Cult Crypto Club.JPG",".JPG","95.1"
"91","2CGCXDFQ__Diapositiva70.JPG","E:\Zotero-organized-export\JPG-JPEG\Light Cult NFTs\2CGCXDFQ__Diapositiva70.JPG","D:\github\ron-english-nfts\light-cult-crypto-club\images\alphabetical-0001-0100\2CGCXDFQ__Diapositiva70.JPG",".JPG","141"
"92","2CIGGVNE__Diapositiva586.JPG","E:\Zotero-organized-export\JPG-JPEG\Light Cult NFTs\2CIGGVNE__Diapositiva586.JPG","D:\github\ron-english-nfts\light-cult-crypto-club\images\alphabetical-0001-0100\2CIGGVNE__Diapositiva586.JPG",".JPG","82.2"
"93","2CMRGG6D__8908 - Light Cult Crypto Club.JPG","E:\Zotero-organized-export\JPG-JPEG\Light Cult NFTs\2CMRGG6D__8908 - Light Cult Crypto Club.JPG","D:\github\ron-english-nfts\light-cult-crypto-club\images\alphabetical-0001-0100\2CMRGG6D__8908 - Light Cult Crypto Club.JPG",".JPG","133.5"
"94","2CTYRTDA__6952 - Light Cult Crypto Club.JPG","E:\Zotero-organized-export\JPG-JPEG\Light Cult NFTs\2CTYRTDA__6952 - Light Cult Crypto Club.JPG","D:\github\ron-english-nfts\light-cult-crypto-club\images\alphabetical-0001-0100\2CTYRTDA__6952 - Light Cult Crypto Club.JPG",".JPG","63.3"
"95","2CTZD6KU__6681 - Light Cult Crypto Club.JPG","E:\Zotero-organized-export\JPG-JPEG\Light Cult NFTs\2CTZD6KU__6681 - Light Cult Crypto Club.JPG","D:\github\ron-english-nfts\light-cult-crypto-club\images\alphabetical-0001-0100\2CTZD6KU__6681 - Light Cult Crypto Club.JPG",".JPG","130.7"
"96","2CU35HY7__3329 - Light Cult Crypto Club.JPG","E:\Zotero-organized-export\JPG-JPEG\Light Cult NFTs\2CU35HY7__3329 - Light Cult Crypto Club.JPG","D:\github\ron-english-nfts\light-cult-crypto-club\images\alphabetical-0001-0100\2CU35HY7__3329 - Light Cult Crypto Club.JPG",".JPG","197.3"
"97","2CV233UI__7941 - Light Cult Crypto Club.JPG","E:\Zotero-organized-export\JPG-JPEG\Light Cult NFTs\2CV233UI__7941 - Light Cult Crypto Club.JPG","D:\github\ron-english-nfts\light-cult-crypto-club\images\alphabetical-0001-0100\2CV233UI__7941 - Light Cult Crypto Club.JPG",".JPG","42.9"
"98","2CVAYE4Z__Diapositiva768.JPG","E:\Zotero-organized-export\JPG-JPEG\Light Cult NFTs\2CVAYE4Z__Diapositiva768.JPG","D:\github\ron-english-nfts\light-cult-crypto-club\images\alphabetical-0001-0100\2CVAYE4Z__Diapositiva768.JPG",".JPG","152.5"
"99","2CWBWR29__6662 - Light Cult Crypto Club.JPG","E:\Zotero-organized-export\JPG-JPEG\Light Cult NFTs\2CWBWR29__6662 - Light Cult Crypto Club.JPG","D:\github\ron-english-nfts\light-cult-crypto-club\images\alphabetical-0001-0100\2CWBWR29__6662 - Light Cult Crypto Club.JPG",".JPG","122.9"
"100","2CWZG77J__9674 - Light Cult Crypto Club.JPG","E:\Zotero-organized-export\JPG-JPEG\Light Cult NFTs\2CWZG77J__9674 - Light Cult Crypto Club.JPG","D:\github\ron-english-nfts\light-cult-crypto-club\images\alphabetical-0001-0100\2CWZG77J__9674 - Light Cult Crypto Club.JPG",".JPG","76.6"
