"MissingNFTNumber","DisplayTitle"
"1001","Light Cult Crypto Club #1001"
"1002","Light Cult Crypto Club #1002"
"1003","Light Cult Crypto Club #1003"
"1004","Light Cult Crypto Club #1004"
"1005","Light Cult Crypto Club #1005"
"1006","Light Cult Crypto Club #1006"
"1007","Light Cult Crypto Club #1007"
"1008","Light Cult Crypto Club #1008"
"1009","Light Cult Crypto Club #1009"
"1010","Light Cult Crypto Club #1010"
"1011","Light Cult Crypto Club #1011"
"1012","Light Cult Crypto Club #1012"
"1013","Light Cult Crypto Club #1013"
"1014","Light Cult Crypto Club #1014"
"1015","Light Cult Crypto Club #1015"
"1016","Light Cult Crypto Club #1016"
"1017","Light Cult Crypto Club #1017"
"1018","Light Cult Crypto Club #1018"
"1019","Light Cult Crypto Club #1019"
"1020","Light Cult Crypto Club #1020"
"1021","Light Cult Crypto Club #1021"
"1022","Light Cult Crypto Club #1022"
"1023","Light Cult Crypto Club #1023"
"1024","Light Cult Crypto Club #1024"
"1025","Light Cult Crypto Club #1025"
"1026","Light Cult Crypto Club #1026"
"1027","Light Cult Crypto Club #1027"
"1028","Light Cult Crypto Club #1028"
"1029","Light Cult Crypto Club #1029"
"1030","Light Cult Crypto Club #1030"
"1031","Light Cult Crypto Club #1031"
"1032","Light Cult Crypto Club #1032"
"1033","Light Cult Crypto Club #1033"
"1034","Light Cult Crypto Club #1034"
"1035","Light Cult Crypto Club #1035"
"1036","Light Cult Crypto Club #1036"
"1037","Light Cult Crypto Club #1037"
"1038","Light Cult Crypto Club #1038"
"1039","Light Cult Crypto Club #1039"
"1040","Light Cult Crypto Club #1040"
"1041","Light Cult Crypto Club #1041"
"1042","Light Cult Crypto Club #1042"
"1043","Light Cult Crypto Club #1043"
"1044","Light Cult Crypto Club #1044"
"1045","Light Cult Crypto Club #1045"
"1046","Light Cult Crypto Club #1046"
"1047","Light Cult Crypto Club #1047"
"1048","Light Cult Crypto Club #1048"
"1049","Light Cult Crypto Club #1049"
"1050","Light Cult Crypto Club #1050"
"1051","Light Cult Crypto Club #1051"
"1052","Light Cult Crypto Club #1052"
"1053","Light Cult Crypto Club #1053"
"1054","Light Cult Crypto Club #1054"
"1055","Light Cult Crypto Club #1055"
"1056","Light Cult Crypto Club #1056"
"1057","Light Cult Crypto Club #1057"
"1058","Light Cult Crypto Club #1058"
"1059","Light Cult Crypto Club #1059"
"1060","Light Cult Crypto Club #1060"
"1061","Light Cult Crypto Club #1061"
"1062","Light Cult Crypto Club #1062"
"1063","Light Cult Crypto Club #1063"
"1064","Light Cult Crypto Club #1064"
"1065","Light Cult Crypto Club #1065"
"1066","Light Cult Crypto Club #1066"
"1067","Light Cult Crypto Club #1067"
"1068","Light Cult Crypto Club #1068"
"1069","Light Cult Crypto Club #1069"
"1070","Light Cult Crypto Club #1070"
"1071","Light Cult Crypto Club #1071"
"1072","Light Cult Crypto Club #1072"
"1073","Light Cult Crypto Club #1073"
"1074","Light Cult Crypto Club #1074"
"1075","Light Cult Crypto Club #1075"
"1076","Light Cult Crypto Club #1076"
"1077","Light Cult Crypto Club #1077"
"1078","Light Cult Crypto Club #1078"
"1079","Light Cult Crypto Club #1079"
"1080","Light Cult Crypto Club #1080"
"1081","Light Cult Crypto Club #1081"
"1082","Light Cult Crypto Club #1082"
"1083","Light Cult Crypto Club #1083"
"1084","Light Cult Crypto Club #1084"
"1085","Light Cult Crypto Club #1085"
"1086","Light Cult Crypto Club #1086"
"1087","Light Cult Crypto Club #1087"
"1088","Light Cult Crypto Club #1088"
"1089","Light Cult Crypto Club #1089"
"1090","Light Cult Crypto Club #1090"
"1091","Light Cult Crypto Club #1091"
"1092","Light Cult Crypto Club #1092"
"1093","Light Cult Crypto Club #1093"
"1094","Light Cult Crypto Club #1094"
"1095","Light Cult Crypto Club #1095"
"1096","Light Cult Crypto Club #1096"
"1097","Light Cult Crypto Club #1097"
"1098","Light Cult Crypto Club #1098"
"1099","Light Cult Crypto Club #1099"
"1100","Light Cult Crypto Club #1100"
"1101","Light Cult Crypto Club #1101"
"1102","Light Cult Crypto Club #1102"
"1103","Light Cult Crypto Club #1103"
"1104","Light Cult Crypto Club #1104"
"1105","Light Cult Crypto Club #1105"
"1106","Light Cult Crypto Club #1106"
"1107","Light Cult Crypto Club #1107"
"1108","Light Cult Crypto Club #1108"
"1109","Light Cult Crypto Club #1109"
"1110","Light Cult Crypto Club #1110"
"1111","Light Cult Crypto Club #1111"
"1112","Light Cult Crypto Club #1112"
"1113","Light Cult Crypto Club #1113"
"1114","Light Cult Crypto Club #1114"
"1115","Light Cult Crypto Club #1115"
"1116","Light Cult Crypto Club #1116"
"1117","Light Cult Crypto Club #1117"
"1118","Light Cult Crypto Club #1118"
"1119","Light Cult Crypto Club #1119"
"1120","Light Cult Crypto Club #1120"
"1121","Light Cult Crypto Club #1121"
"1122","Light Cult Crypto Club #1122"
"1123","Light Cult Crypto Club #1123"
"1124","Light Cult Crypto Club #1124"
"1125","Light Cult Crypto Club #1125"
"1126","Light Cult Crypto Club #1126"
"1127","Light Cult Crypto Club #1127"
"1128","Light Cult Crypto Club #1128"
"1129","Light Cult Crypto Club #1129"
"1130","Light Cult Crypto Club #1130"
"1131","Light Cult Crypto Club #1131"
"1132","Light Cult Crypto Club #1132"
"1133","Light Cult Crypto Club #1133"
"1134","Light Cult Crypto Club #1134"
"1135","Light Cult Crypto Club #1135"
"1136","Light Cult Crypto Club #1136"
"1137","Light Cult Crypto Club #1137"
"1138","Light Cult Crypto Club #1138"
"1139","Light Cult Crypto Club #1139"
"1140","Light Cult Crypto Club #1140"
"1141","Light Cult Crypto Club #1141"
"1142","Light Cult Crypto Club #1142"
"1143","Light Cult Crypto Club #1143"
"1144","Light Cult Crypto Club #1144"
"1145","Light Cult Crypto Club #1145"
"1146","Light Cult Crypto Club #1146"
"1147","Light Cult Crypto Club #1147"
"1148","Light Cult Crypto Club #1148"
"1149","Light Cult Crypto Club #1149"
"1150","Light Cult Crypto Club #1150"
"1151","Light Cult Crypto Club #1151"
"1152","Light Cult Crypto Club #1152"
"1153","Light Cult Crypto Club #1153"
"1154","Light Cult Crypto Club #1154"
"1155","Light Cult Crypto Club #1155"
"1156","Light Cult Crypto Club #1156"
"1157","Light Cult Crypto Club #1157"
"1158","Light Cult Crypto Club #1158"
"1159","Light Cult Crypto Club #1159"
"1160","Light Cult Crypto Club #1160"
"1161","Light Cult Crypto Club #1161"
"1162","Light Cult Crypto Club #1162"
"1163","Light Cult Crypto Club #1163"
"1164","Light Cult Crypto Club #1164"
"1165","Light Cult Crypto Club #1165"
"1166","Light Cult Crypto Club #1166"
"1167","Light Cult Crypto Club #1167"
"1168","Light Cult Crypto Club #1168"
"1169","Light Cult Crypto Club #1169"
"1170","Light Cult Crypto Club #1170"
"1171","Light Cult Crypto Club #1171"
"1172","Light Cult Crypto Club #1172"
"1173","Light Cult Crypto Club #1173"
"1174","Light Cult Crypto Club #1174"
"1175","Light Cult Crypto Club #1175"
"1176","Light Cult Crypto Club #1176"
"1177","Light Cult Crypto Club #1177"
"1178","Light Cult Crypto Club #1178"
"1179","Light Cult Crypto Club #1179"
"1180","Light Cult Crypto Club #1180"
"1181","Light Cult Crypto Club #1181"
"1182","Light Cult Crypto Club #1182"
"1183","Light Cult Crypto Club #1183"
"1184","Light Cult Crypto Club #1184"
"1185","Light Cult Crypto Club #1185"
"1186","Light Cult Crypto Club #1186"
"1187","Light Cult Crypto Club #1187"
"1188","Light Cult Crypto Club #1188"
"1189","Light Cult Crypto Club #1189"
"1190","Light Cult Crypto Club #1190"
"1191","Light Cult Crypto Club #1191"
"1192","Light Cult Crypto Club #1192"
"1193","Light Cult Crypto Club #1193"
"1194","Light Cult Crypto Club #1194"
"1195","Light Cult Crypto Club #1195"
"1196","Light Cult Crypto Club #1196"
"1197","Light Cult Crypto Club #1197"
"1198","Light Cult Crypto Club #1198"
"1199","Light Cult Crypto Club #1199"
"1200","Light Cult Crypto Club #1200"
"1201","Light Cult Crypto Club #1201"
"1202","Light Cult Crypto Club #1202"
"1203","Light Cult Crypto Club #1203"
"1204","Light Cult Crypto Club #1204"
"1205","Light Cult Crypto Club #1205"
"1206","Light Cult Crypto Club #1206"
"1207","Light Cult Crypto Club #1207"
"1208","Light Cult Crypto Club #1208"
"1209","Light Cult Crypto Club #1209"
"1210","Light Cult Crypto Club #1210"
"1211","Light Cult Crypto Club #1211"
"1212","Light Cult Crypto Club #1212"
"1213","Light Cult Crypto Club #1213"
"1214","Light Cult Crypto Club #1214"
"1215","Light Cult Crypto Club #1215"
"1216","Light Cult Crypto Club #1216"
"1217","Light Cult Crypto Club #1217"
"1218","Light Cult Crypto Club #1218"
"1219","Light Cult Crypto Club #1219"
"1220","Light Cult Crypto Club #1220"
"1221","Light Cult Crypto Club #1221"
"1222","Light Cult Crypto Club #1222"
"1223","Light Cult Crypto Club #1223"
"1224","Light Cult Crypto Club #1224"
"1225","Light Cult Crypto Club #1225"
"1226","Light Cult Crypto Club #1226"
"1227","Light Cult Crypto Club #1227"
"1228","Light Cult Crypto Club #1228"
"1229","Light Cult Crypto Club #1229"
"1230","Light Cult Crypto Club #1230"
"1231","Light Cult Crypto Club #1231"
"1232","Light Cult Crypto Club #1232"
"1233","Light Cult Crypto Club #1233"
"1234","Light Cult Crypto Club #1234"
"1235","Light Cult Crypto Club #1235"
"1236","Light Cult Crypto Club #1236"
"1237","Light Cult Crypto Club #1237"
"1238","Light Cult Crypto Club #1238"
"1239","Light Cult Crypto Club #1239"
"1240","Light Cult Crypto Club #1240"
"1241","Light Cult Crypto Club #1241"
"1242","Light Cult Crypto Club #1242"
"1243","Light Cult Crypto Club #1243"
"1244","Light Cult Crypto Club #1244"
"1245","Light Cult Crypto Club #1245"
"1246","Light Cult Crypto Club #1246"
"1247","Light Cult Crypto Club #1247"
"1248","Light Cult Crypto Club #1248"
"1249","Light Cult Crypto Club #1249"
"1250","Light Cult Crypto Club #1250"
"1251","Light Cult Crypto Club #1251"
"1252","Light Cult Crypto Club #1252"
"1253","Light Cult Crypto Club #1253"
"1254","Light Cult Crypto Club #1254"
"1255","Light Cult Crypto Club #1255"
"1256","Light Cult Crypto Club #1256"
"1257","Light Cult Crypto Club #1257"
"1258","Light Cult Crypto Club #1258"
"1259","Light Cult Crypto Club #1259"
"1260","Light Cult Crypto Club #1260"
"1261","Light Cult Crypto Club #1261"
"1262","Light Cult Crypto Club #1262"
"1263","Light Cult Crypto Club #1263"
"1264","Light Cult Crypto Club #1264"
"1265","Light Cult Crypto Club #1265"
"1266","Light Cult Crypto Club #1266"
"1267","Light Cult Crypto Club #1267"
"1268","Light Cult Crypto Club #1268"
"1269","Light Cult Crypto Club #1269"
"1270","Light Cult Crypto Club #1270"
"1271","Light Cult Crypto Club #1271"
"1272","Light Cult Crypto Club #1272"
"1273","Light Cult Crypto Club #1273"
"1274","Light Cult Crypto Club #1274"
"1275","Light Cult Crypto Club #1275"
"1276","Light Cult Crypto Club #1276"
"1277","Light Cult Crypto Club #1277"
"1278","Light Cult Crypto Club #1278"
"1279","Light Cult Crypto Club #1279"
"1280","Light Cult Crypto Club #1280"
"1281","Light Cult Crypto Club #1281"
"1282","Light Cult Crypto Club #1282"
"1283","Light Cult Crypto Club #1283"
"1284","Light Cult Crypto Club #1284"
"1285","Light Cult Crypto Club #1285"
"1286","Light Cult Crypto Club #1286"
"1287","Light Cult Crypto Club #1287"
"1288","Light Cult Crypto Club #1288"
"1289","Light Cult Crypto Club #1289"
"1290","Light Cult Crypto Club #1290"
"1291","Light Cult Crypto Club #1291"
"1292","Light Cult Crypto Club #1292"
"1293","Light Cult Crypto Club #1293"
"1294","Light Cult Crypto Club #1294"
"1295","Light Cult Crypto Club #1295"
"1296","Light Cult Crypto Club #1296"
"1297","Light Cult Crypto Club #1297"
"1298","Light Cult Crypto Club #1298"
"1299","Light Cult Crypto Club #1299"
"1300","Light Cult Crypto Club #1300"
"1301","Light Cult Crypto Club #1301"
"1302","Light Cult Crypto Club #1302"
"1303","Light Cult Crypto Club #1303"
"1304","Light Cult Crypto Club #1304"
"1305","Light Cult Crypto Club #1305"
"1306","Light Cult Crypto Club #1306"
"1307","Light Cult Crypto Club #1307"
"1308","Light Cult Crypto Club #1308"
"1309","Light Cult Crypto Club #1309"
"1310","Light Cult Crypto Club #1310"
"1311","Light Cult Crypto Club #1311"
"1312","Light Cult Crypto Club #1312"
"1313","Light Cult Crypto Club #1313"
"1314","Light Cult Crypto Club #1314"
"1315","Light Cult Crypto Club #1315"
"1316","Light Cult Crypto Club #1316"
"1317","Light Cult Crypto Club #1317"
"1318","Light Cult Crypto Club #1318"
"1319","Light Cult Crypto Club #1319"
"1320","Light Cult Crypto Club #1320"
"1321","Light Cult Crypto Club #1321"
"1322","Light Cult Crypto Club #1322"
"1323","Light Cult Crypto Club #1323"
"1324","Light Cult Crypto Club #1324"
"1325","Light Cult Crypto Club #1325"
"1326","Light Cult Crypto Club #1326"
"1327","Light Cult Crypto Club #1327"
"1328","Light Cult Crypto Club #1328"
"1329","Light Cult Crypto Club #1329"
"1330","Light Cult Crypto Club #1330"
"1331","Light Cult Crypto Club #1331"
"1332","Light Cult Crypto Club #1332"
"1333","Light Cult Crypto Club #1333"
"1334","Light Cult Crypto Club #1334"
"1335","Light Cult Crypto Club #1335"
"1336","Light Cult Crypto Club #1336"
"1337","Light Cult Crypto Club #1337"
"1338","Light Cult Crypto Club #1338"
"1339","Light Cult Crypto Club #1339"
"1340","Light Cult Crypto Club #1340"
"1341","Light Cult Crypto Club #1341"
"1342","Light Cult Crypto Club #1342"
"1343","Light Cult Crypto Club #1343"
"1344","Light Cult Crypto Club #1344"
"1345","Light Cult Crypto Club #1345"
"1346","Light Cult Crypto Club #1346"
"1347","Light Cult Crypto Club #1347"
"1348","Light Cult Crypto Club #1348"
"1349","Light Cult Crypto Club #1349"
"1350","Light Cult Crypto Club #1350"
"1351","Light Cult Crypto Club #1351"
"1352","Light Cult Crypto Club #1352"
"1353","Light Cult Crypto Club #1353"
"1354","Light Cult Crypto Club #1354"
"1355","Light Cult Crypto Club #1355"
"1356","Light Cult Crypto Club #1356"
"1357","Light Cult Crypto Club #1357"
"1358","Light Cult Crypto Club #1358"
"1359","Light Cult Crypto Club #1359"
"1360","Light Cult Crypto Club #1360"
"1361","Light Cult Crypto Club #1361"
"1362","Light Cult Crypto Club #1362"
"1363","Light Cult Crypto Club #1363"
"1364","Light Cult Crypto Club #1364"
"1365","Light Cult Crypto Club #1365"
"1366","Light Cult Crypto Club #1366"
"1367","Light Cult Crypto Club #1367"
"1368","Light Cult Crypto Club #1368"
"1369","Light Cult Crypto Club #1369"
"1370","Light Cult Crypto Club #1370"
"1371","Light Cult Crypto Club #1371"
"1372","Light Cult Crypto Club #1372"
"1373","Light Cult Crypto Club #1373"
"1374","Light Cult Crypto Club #1374"
"1375","Light Cult Crypto Club #1375"
"1376","Light Cult Crypto Club #1376"
"1377","Light Cult Crypto Club #1377"
"1378","Light Cult Crypto Club #1378"
"1379","Light Cult Crypto Club #1379"
"1380","Light Cult Crypto Club #1380"
"1381","Light Cult Crypto Club #1381"
"1382","Light Cult Crypto Club #1382"
"1383","Light Cult Crypto Club #1383"
"1384","Light Cult Crypto Club #1384"
"1385","Light Cult Crypto Club #1385"
"1386","Light Cult Crypto Club #1386"
"1387","Light Cult Crypto Club #1387"
"1388","Light Cult Crypto Club #1388"
"1389","Light Cult Crypto Club #1389"
"1390","Light Cult Crypto Club #1390"
"1391","Light Cult Crypto Club #1391"
"1392","Light Cult Crypto Club #1392"
"1393","Light Cult Crypto Club #1393"
"1394","Light Cult Crypto Club #1394"
"1395","Light Cult Crypto Club #1395"
"1396","Light Cult Crypto Club #1396"
"1397","Light Cult Crypto Club #1397"
"1398","Light Cult Crypto Club #1398"
"1399","Light Cult Crypto Club #1399"
"1400","Light Cult Crypto Club #1400"
"1401","Light Cult Crypto Club #1401"
"1402","Light Cult Crypto Club #1402"
"1403","Light Cult Crypto Club #1403"
"1404","Light Cult Crypto Club #1404"
"1405","Light Cult Crypto Club #1405"
"1406","Light Cult Crypto Club #1406"
"1407","Light Cult Crypto Club #1407"
"1408","Light Cult Crypto Club #1408"
"1409","Light Cult Crypto Club #1409"
"1410","Light Cult Crypto Club #1410"
"1411","Light Cult Crypto Club #1411"
"1412","Light Cult Crypto Club #1412"
"1413","Light Cult Crypto Club #1413"
"1414","Light Cult Crypto Club #1414"
"1415","Light Cult Crypto Club #1415"
"1416","Light Cult Crypto Club #1416"
"1417","Light Cult Crypto Club #1417"
"1418","Light Cult Crypto Club #1418"
"1419","Light Cult Crypto Club #1419"
"1420","Light Cult Crypto Club #1420"
"1421","Light Cult Crypto Club #1421"
"1422","Light Cult Crypto Club #1422"
"1423","Light Cult Crypto Club #1423"
"1424","Light Cult Crypto Club #1424"
"1425","Light Cult Crypto Club #1425"
"1426","Light Cult Crypto Club #1426"
"1427","Light Cult Crypto Club #1427"
"1428","Light Cult Crypto Club #1428"
"1429","Light Cult Crypto Club #1429"
"1430","Light Cult Crypto Club #1430"
"1431","Light Cult Crypto Club #1431"
"1432","Light Cult Crypto Club #1432"
"1433","Light Cult Crypto Club #1433"
"1434","Light Cult Crypto Club #1434"
"1435","Light Cult Crypto Club #1435"
"1436","Light Cult Crypto Club #1436"
"1437","Light Cult Crypto Club #1437"
"1438","Light Cult Crypto Club #1438"
"1439","Light Cult Crypto Club #1439"
"1440","Light Cult Crypto Club #1440"
"1441","Light Cult Crypto Club #1441"
"1442","Light Cult Crypto Club #1442"
"1443","Light Cult Crypto Club #1443"
"1444","Light Cult Crypto Club #1444"
"1445","Light Cult Crypto Club #1445"
"1446","Light Cult Crypto Club #1446"
"1447","Light Cult Crypto Club #1447"
"1448","Light Cult Crypto Club #1448"
"1449","Light Cult Crypto Club #1449"
"1450","Light Cult Crypto Club #1450"
"1451","Light Cult Crypto Club #1451"
"1452","Light Cult Crypto Club #1452"
"1453","Light Cult Crypto Club #1453"
"1454","Light Cult Crypto Club #1454"
"1455","Light Cult Crypto Club #1455"
"1456","Light Cult Crypto Club #1456"
"1457","Light Cult Crypto Club #1457"
"1458","Light Cult Crypto Club #1458"
"1459","Light Cult Crypto Club #1459"
"1460","Light Cult Crypto Club #1460"
"1461","Light Cult Crypto Club #1461"
"1462","Light Cult Crypto Club #1462"
"1463","Light Cult Crypto Club #1463"
"1464","Light Cult Crypto Club #1464"
"1465","Light Cult Crypto Club #1465"
"1466","Light Cult Crypto Club #1466"
"1467","Light Cult Crypto Club #1467"
"1468","Light Cult Crypto Club #1468"
"1469","Light Cult Crypto Club #1469"
"1470","Light Cult Crypto Club #1470"
"1471","Light Cult Crypto Club #1471"
"1472","Light Cult Crypto Club #1472"
"1473","Light Cult Crypto Club #1473"
"1474","Light Cult Crypto Club #1474"
"1475","Light Cult Crypto Club #1475"
"1476","Light Cult Crypto Club #1476"
"1477","Light Cult Crypto Club #1477"
"1478","Light Cult Crypto Club #1478"
"1479","Light Cult Crypto Club #1479"
"1480","Light Cult Crypto Club #1480"
"1481","Light Cult Crypto Club #1481"
"1482","Light Cult Crypto Club #1482"
"1483","Light Cult Crypto Club #1483"
"1484","Light Cult Crypto Club #1484"
"1485","Light Cult Crypto Club #1485"
"1486","Light Cult Crypto Club #1486"
"1487","Light Cult Crypto Club #1487"
"1488","Light Cult Crypto Club #1488"
"1489","Light Cult Crypto Club #1489"
"1490","Light Cult Crypto Club #1490"
"1491","Light Cult Crypto Club #1491"
"1492","Light Cult Crypto Club #1492"
"1493","Light Cult Crypto Club #1493"
"1494","Light Cult Crypto Club #1494"
"1495","Light Cult Crypto Club #1495"
"1496","Light Cult Crypto Club #1496"
"1497","Light Cult Crypto Club #1497"
"1498","Light Cult Crypto Club #1498"
"1499","Light Cult Crypto Club #1499"
"1500","Light Cult Crypto Club #1500"
"1501","Light Cult Crypto Club #1501"
"1502","Light Cult Crypto Club #1502"
"1503","Light Cult Crypto Club #1503"
"1504","Light Cult Crypto Club #1504"
"1505","Light Cult Crypto Club #1505"
"1506","Light Cult Crypto Club #1506"
"1507","Light Cult Crypto Club #1507"
"1508","Light Cult Crypto Club #1508"
"1509","Light Cult Crypto Club #1509"
"1510","Light Cult Crypto Club #1510"
"1511","Light Cult Crypto Club #1511"
"1512","Light Cult Crypto Club #1512"
"1513","Light Cult Crypto Club #1513"
"1514","Light Cult Crypto Club #1514"
"1515","Light Cult Crypto Club #1515"
"1516","Light Cult Crypto Club #1516"
"1517","Light Cult Crypto Club #1517"
"1518","Light Cult Crypto Club #1518"
"1519","Light Cult Crypto Club #1519"
"1520","Light Cult Crypto Club #1520"
"1521","Light Cult Crypto Club #1521"
"1522","Light Cult Crypto Club #1522"
"1523","Light Cult Crypto Club #1523"
"1524","Light Cult Crypto Club #1524"
"1525","Light Cult Crypto Club #1525"
"1526","Light Cult Crypto Club #1526"
"1527","Light Cult Crypto Club #1527"
"1528","Light Cult Crypto Club #1528"
"1529","Light Cult Crypto Club #1529"
"1530","Light Cult Crypto Club #1530"
"1531","Light Cult Crypto Club #1531"
"1532","Light Cult Crypto Club #1532"
"1533","Light Cult Crypto Club #1533"
"1534","Light Cult Crypto Club #1534"
"1535","Light Cult Crypto Club #1535"
"1536","Light Cult Crypto Club #1536"
"1537","Light Cult Crypto Club #1537"
"1538","Light Cult Crypto Club #1538"
"1539","Light Cult Crypto Club #1539"
"1540","Light Cult Crypto Club #1540"
"1541","Light Cult Crypto Club #1541"
"1542","Light Cult Crypto Club #1542"
"1543","Light Cult Crypto Club #1543"
"1544","Light Cult Crypto Club #1544"
"1545","Light Cult Crypto Club #1545"
"1546","Light Cult Crypto Club #1546"
"1547","Light Cult Crypto Club #1547"
"1548","Light Cult Crypto Club #1548"
"1549","Light Cult Crypto Club #1549"
"1550","Light Cult Crypto Club #1550"
"1551","Light Cult Crypto Club #1551"
"1552","Light Cult Crypto Club #1552"
"1553","Light Cult Crypto Club #1553"
"1554","Light Cult Crypto Club #1554"
"1555","Light Cult Crypto Club #1555"
"1556","Light Cult Crypto Club #1556"
"1557","Light Cult Crypto Club #1557"
"1558","Light Cult Crypto Club #1558"
"1559","Light Cult Crypto Club #1559"
"1560","Light Cult Crypto Club #1560"
"1561","Light Cult Crypto Club #1561"
"1562","Light Cult Crypto Club #1562"
"1563","Light Cult Crypto Club #1563"
"1564","Light Cult Crypto Club #1564"
"1565","Light Cult Crypto Club #1565"
"1566","Light Cult Crypto Club #1566"
"1567","Light Cult Crypto Club #1567"
"1568","Light Cult Crypto Club #1568"
"1569","Light Cult Crypto Club #1569"
"1570","Light Cult Crypto Club #1570"
"1571","Light Cult Crypto Club #1571"
"1572","Light Cult Crypto Club #1572"
"1573","Light Cult Crypto Club #1573"
"1574","Light Cult Crypto Club #1574"
"1575","Light Cult Crypto Club #1575"
"1576","Light Cult Crypto Club #1576"
"1577","Light Cult Crypto Club #1577"
"1578","Light Cult Crypto Club #1578"
"1579","Light Cult Crypto Club #1579"
"1580","Light Cult Crypto Club #1580"
"1581","Light Cult Crypto Club #1581"
"1582","Light Cult Crypto Club #1582"
"1583","Light Cult Crypto Club #1583"
"1584","Light Cult Crypto Club #1584"
"1585","Light Cult Crypto Club #1585"
"1586","Light Cult Crypto Club #1586"
"1587","Light Cult Crypto Club #1587"
"1588","Light Cult Crypto Club #1588"
"1589","Light Cult Crypto Club #1589"
"1590","Light Cult Crypto Club #1590"
"1591","Light Cult Crypto Club #1591"
"1592","Light Cult Crypto Club #1592"
"1593","Light Cult Crypto Club #1593"
"1594","Light Cult Crypto Club #1594"
"1595","Light Cult Crypto Club #1595"
"1596","Light Cult Crypto Club #1596"
"1597","Light Cult Crypto Club #1597"
"1598","Light Cult Crypto Club #1598"
"1599","Light Cult Crypto Club #1599"
"1600","Light Cult Crypto Club #1600"
"1601","Light Cult Crypto Club #1601"
"1602","Light Cult Crypto Club #1602"
"1603","Light Cult Crypto Club #1603"
"1604","Light Cult Crypto Club #1604"
"1605","Light Cult Crypto Club #1605"
"1606","Light Cult Crypto Club #1606"
"1607","Light Cult Crypto Club #1607"
"1608","Light Cult Crypto Club #1608"
"1609","Light Cult Crypto Club #1609"
"1610","Light Cult Crypto Club #1610"
"1611","Light Cult Crypto Club #1611"
"1612","Light Cult Crypto Club #1612"
"1613","Light Cult Crypto Club #1613"
"1614","Light Cult Crypto Club #1614"
"1615","Light Cult Crypto Club #1615"
"1616","Light Cult Crypto Club #1616"
"1617","Light Cult Crypto Club #1617"
"1618","Light Cult Crypto Club #1618"
"1619","Light Cult Crypto Club #1619"
"1620","Light Cult Crypto Club #1620"
"1621","Light Cult Crypto Club #1621"
"1622","Light Cult Crypto Club #1622"
"1623","Light Cult Crypto Club #1623"
"1624","Light Cult Crypto Club #1624"
"1625","Light Cult Crypto Club #1625"
"1626","Light Cult Crypto Club #1626"
"1627","Light Cult Crypto Club #1627"
"1628","Light Cult Crypto Club #1628"
"1629","Light Cult Crypto Club #1629"
"1630","Light Cult Crypto Club #1630"
"1631","Light Cult Crypto Club #1631"
"1632","Light Cult Crypto Club #1632"
"1633","Light Cult Crypto Club #1633"
"1634","Light Cult Crypto Club #1634"
"1635","Light Cult Crypto Club #1635"
"1636","Light Cult Crypto Club #1636"
"1637","Light Cult Crypto Club #1637"
"1638","Light Cult Crypto Club #1638"
"1639","Light Cult Crypto Club #1639"
"1640","Light Cult Crypto Club #1640"
"1641","Light Cult Crypto Club #1641"
"1642","Light Cult Crypto Club #1642"
"1643","Light Cult Crypto Club #1643"
"1644","Light Cult Crypto Club #1644"
"1645","Light Cult Crypto Club #1645"
"1646","Light Cult Crypto Club #1646"
"1647","Light Cult Crypto Club #1647"
"1648","Light Cult Crypto Club #1648"
"1649","Light Cult Crypto Club #1649"
"1650","Light Cult Crypto Club #1650"
"1651","Light Cult Crypto Club #1651"
"1652","Light Cult Crypto Club #1652"
"1653","Light Cult Crypto Club #1653"
"1654","Light Cult Crypto Club #1654"
"1655","Light Cult Crypto Club #1655"
"1656","Light Cult Crypto Club #1656"
"1657","Light Cult Crypto Club #1657"
"1658","Light Cult Crypto Club #1658"
"1659","Light Cult Crypto Club #1659"
"1660","Light Cult Crypto Club #1660"
"1661","Light Cult Crypto Club #1661"
"1662","Light Cult Crypto Club #1662"
"1663","Light Cult Crypto Club #1663"
"1664","Light Cult Crypto Club #1664"
"1665","Light Cult Crypto Club #1665"
"1666","Light Cult Crypto Club #1666"
"1667","Light Cult Crypto Club #1667"
"1668","Light Cult Crypto Club #1668"
"1669","Light Cult Crypto Club #1669"
"1670","Light Cult Crypto Club #1670"
"1671","Light Cult Crypto Club #1671"
"1672","Light Cult Crypto Club #1672"
"1673","Light Cult Crypto Club #1673"
"1674","Light Cult Crypto Club #1674"
"1675","Light Cult Crypto Club #1675"
"1676","Light Cult Crypto Club #1676"
"1677","Light Cult Crypto Club #1677"
"1678","Light Cult Crypto Club #1678"
"1679","Light Cult Crypto Club #1679"
"1680","Light Cult Crypto Club #1680"
"1681","Light Cult Crypto Club #1681"
"1682","Light Cult Crypto Club #1682"
"1683","Light Cult Crypto Club #1683"
"1684","Light Cult Crypto Club #1684"
"1685","Light Cult Crypto Club #1685"
"1686","Light Cult Crypto Club #1686"
"1687","Light Cult Crypto Club #1687"
"1688","Light Cult Crypto Club #1688"
"1689","Light Cult Crypto Club #1689"
"1690","Light Cult Crypto Club #1690"
"1691","Light Cult Crypto Club #1691"
"1692","Light Cult Crypto Club #1692"
"1693","Light Cult Crypto Club #1693"
"1694","Light Cult Crypto Club #1694"
"1695","Light Cult Crypto Club #1695"
"1696","Light Cult Crypto Club #1696"
"1697","Light Cult Crypto Club #1697"
"1698","Light Cult Crypto Club #1698"
"1699","Light Cult Crypto Club #1699"
"1700","Light Cult Crypto Club #1700"
"1701","Light Cult Crypto Club #1701"
"1702","Light Cult Crypto Club #1702"
"1703","Light Cult Crypto Club #1703"
"1704","Light Cult Crypto Club #1704"
"1705","Light Cult Crypto Club #1705"
"1706","Light Cult Crypto Club #1706"
"1707","Light Cult Crypto Club #1707"
"1708","Light Cult Crypto Club #1708"
"1709","Light Cult Crypto Club #1709"
"1710","Light Cult Crypto Club #1710"
"1711","Light Cult Crypto Club #1711"
"1712","Light Cult Crypto Club #1712"
"1713","Light Cult Crypto Club #1713"
"1714","Light Cult Crypto Club #1714"
"1715","Light Cult Crypto Club #1715"
"1716","Light Cult Crypto Club #1716"
"1717","Light Cult Crypto Club #1717"
"1718","Light Cult Crypto Club #1718"
"1719","Light Cult Crypto Club #1719"
"1720","Light Cult Crypto Club #1720"
"1721","Light Cult Crypto Club #1721"
"1722","Light Cult Crypto Club #1722"
"1723","Light Cult Crypto Club #1723"
"1724","Light Cult Crypto Club #1724"
"1725","Light Cult Crypto Club #1725"
"1726","Light Cult Crypto Club #1726"
"1727","Light Cult Crypto Club #1727"
"1728","Light Cult Crypto Club #1728"
"1729","Light Cult Crypto Club #1729"
"1730","Light Cult Crypto Club #1730"
"1731","Light Cult Crypto Club #1731"
"1732","Light Cult Crypto Club #1732"
"1733","Light Cult Crypto Club #1733"
"1734","Light Cult Crypto Club #1734"
"1735","Light Cult Crypto Club #1735"
"1736","Light Cult Crypto Club #1736"
"1737","Light Cult Crypto Club #1737"
"1738","Light Cult Crypto Club #1738"
"1739","Light Cult Crypto Club #1739"
"1740","Light Cult Crypto Club #1740"
"1741","Light Cult Crypto Club #1741"
"1742","Light Cult Crypto Club #1742"
"1743","Light Cult Crypto Club #1743"
"1744","Light Cult Crypto Club #1744"
"1745","Light Cult Crypto Club #1745"
"1746","Light Cult Crypto Club #1746"
"1747","Light Cult Crypto Club #1747"
"1748","Light Cult Crypto Club #1748"
"1749","Light Cult Crypto Club #1749"
"1750","Light Cult Crypto Club #1750"
"1751","Light Cult Crypto Club #1751"
"1752","Light Cult Crypto Club #1752"
"1753","Light Cult Crypto Club #1753"
"1754","Light Cult Crypto Club #1754"
"1755","Light Cult Crypto Club #1755"
"1756","Light Cult Crypto Club #1756"
"1757","Light Cult Crypto Club #1757"
"1758","Light Cult Crypto Club #1758"
"1759","Light Cult Crypto Club #1759"
"1760","Light Cult Crypto Club #1760"
"1761","Light Cult Crypto Club #1761"
"1762","Light Cult Crypto Club #1762"
"1763","Light Cult Crypto Club #1763"
"1764","Light Cult Crypto Club #1764"
"1765","Light Cult Crypto Club #1765"
"1766","Light Cult Crypto Club #1766"
"1767","Light Cult Crypto Club #1767"
"1768","Light Cult Crypto Club #1768"
"1769","Light Cult Crypto Club #1769"
"1770","Light Cult Crypto Club #1770"
"1771","Light Cult Crypto Club #1771"
"1772","Light Cult Crypto Club #1772"
"1773","Light Cult Crypto Club #1773"
"1774","Light Cult Crypto Club #1774"
"1775","Light Cult Crypto Club #1775"
"1776","Light Cult Crypto Club #1776"
"1777","Light Cult Crypto Club #1777"
"1778","Light Cult Crypto Club #1778"
"1779","Light Cult Crypto Club #1779"
"1780","Light Cult Crypto Club #1780"
"1781","Light Cult Crypto Club #1781"
"1782","Light Cult Crypto Club #1782"
"1783","Light Cult Crypto Club #1783"
"1784","Light Cult Crypto Club #1784"
"1785","Light Cult Crypto Club #1785"
"1786","Light Cult Crypto Club #1786"
"1787","Light Cult Crypto Club #1787"
"1788","Light Cult Crypto Club #1788"
"1789","Light Cult Crypto Club #1789"
"1790","Light Cult Crypto Club #1790"
"1791","Light Cult Crypto Club #1791"
"1792","Light Cult Crypto Club #1792"
"1793","Light Cult Crypto Club #1793"
"1794","Light Cult Crypto Club #1794"
"1795","Light Cult Crypto Club #1795"
"1796","Light Cult Crypto Club #1796"
"1797","Light Cult Crypto Club #1797"
"1798","Light Cult Crypto Club #1798"
"1799","Light Cult Crypto Club #1799"
"1800","Light Cult Crypto Club #1800"
"1801","Light Cult Crypto Club #1801"
"1802","Light Cult Crypto Club #1802"
"1803","Light Cult Crypto Club #1803"
"1804","Light Cult Crypto Club #1804"
"1805","Light Cult Crypto Club #1805"
"1806","Light Cult Crypto Club #1806"
"1807","Light Cult Crypto Club #1807"
"1808","Light Cult Crypto Club #1808"
"1809","Light Cult Crypto Club #1809"
"1810","Light Cult Crypto Club #1810"
"1811","Light Cult Crypto Club #1811"
"1812","Light Cult Crypto Club #1812"
"1813","Light Cult Crypto Club #1813"
"1814","Light Cult Crypto Club #1814"
"1815","Light Cult Crypto Club #1815"
"1816","Light Cult Crypto Club #1816"
"1817","Light Cult Crypto Club #1817"
"1818","Light Cult Crypto Club #1818"
"1819","Light Cult Crypto Club #1819"
"1820","Light Cult Crypto Club #1820"
"1821","Light Cult Crypto Club #1821"
"1822","Light Cult Crypto Club #1822"
"1823","Light Cult Crypto Club #1823"
"1824","Light Cult Crypto Club #1824"
"1825","Light Cult Crypto Club #1825"
"1826","Light Cult Crypto Club #1826"
"1827","Light Cult Crypto Club #1827"
"1828","Light Cult Crypto Club #1828"
"1829","Light Cult Crypto Club #1829"
"1830","Light Cult Crypto Club #1830"
"1831","Light Cult Crypto Club #1831"
"1832","Light Cult Crypto Club #1832"
"1833","Light Cult Crypto Club #1833"
"1834","Light Cult Crypto Club #1834"
"1835","Light Cult Crypto Club #1835"
"1836","Light Cult Crypto Club #1836"
"1837","Light Cult Crypto Club #1837"
"1838","Light Cult Crypto Club #1838"
"1839","Light Cult Crypto Club #1839"
"1840","Light Cult Crypto Club #1840"
"1841","Light Cult Crypto Club #1841"
"1842","Light Cult Crypto Club #1842"
"1843","Light Cult Crypto Club #1843"
"1844","Light Cult Crypto Club #1844"
"1845","Light Cult Crypto Club #1845"
"1846","Light Cult Crypto Club #1846"
"1847","Light Cult Crypto Club #1847"
"1848","Light Cult Crypto Club #1848"
"1849","Light Cult Crypto Club #1849"
"1850","Light Cult Crypto Club #1850"
"1851","Light Cult Crypto Club #1851"
"1852","Light Cult Crypto Club #1852"
"1853","Light Cult Crypto Club #1853"
"1854","Light Cult Crypto Club #1854"
"1855","Light Cult Crypto Club #1855"
"1856","Light Cult Crypto Club #1856"
"1857","Light Cult Crypto Club #1857"
"1858","Light Cult Crypto Club #1858"
"1859","Light Cult Crypto Club #1859"
"1860","Light Cult Crypto Club #1860"
"1861","Light Cult Crypto Club #1861"
"1862","Light Cult Crypto Club #1862"
"1863","Light Cult Crypto Club #1863"
"1864","Light Cult Crypto Club #1864"
"1865","Light Cult Crypto Club #1865"
"1866","Light Cult Crypto Club #1866"
"1867","Light Cult Crypto Club #1867"
"1868","Light Cult Crypto Club #1868"
"1869","Light Cult Crypto Club #1869"
"1870","Light Cult Crypto Club #1870"
"1871","Light Cult Crypto Club #1871"
"1872","Light Cult Crypto Club #1872"
"1873","Light Cult Crypto Club #1873"
"1874","Light Cult Crypto Club #1874"
"1875","Light Cult Crypto Club #1875"
"1876","Light Cult Crypto Club #1876"
"1877","Light Cult Crypto Club #1877"
"1878","Light Cult Crypto Club #1878"
"1879","Light Cult Crypto Club #1879"
"1880","Light Cult Crypto Club #1880"
"1881","Light Cult Crypto Club #1881"
"1882","Light Cult Crypto Club #1882"
"1883","Light Cult Crypto Club #1883"
"1884","Light Cult Crypto Club #1884"
"1885","Light Cult Crypto Club #1885"
"1886","Light Cult Crypto Club #1886"
"1887","Light Cult Crypto Club #1887"
"1888","Light Cult Crypto Club #1888"
"1889","Light Cult Crypto Club #1889"
"1890","Light Cult Crypto Club #1890"
"1891","Light Cult Crypto Club #1891"
"1892","Light Cult Crypto Club #1892"
"1893","Light Cult Crypto Club #1893"
"1894","Light Cult Crypto Club #1894"
"1895","Light Cult Crypto Club #1895"
"1896","Light Cult Crypto Club #1896"
"1897","Light Cult Crypto Club #1897"
"1898","Light Cult Crypto Club #1898"
"1899","Light Cult Crypto Club #1899"
"1900","Light Cult Crypto Club #1900"
"1901","Light Cult Crypto Club #1901"
"1902","Light Cult Crypto Club #1902"
"1903","Light Cult Crypto Club #1903"
"1904","Light Cult Crypto Club #1904"
"1905","Light Cult Crypto Club #1905"
"1906","Light Cult Crypto Club #1906"
"1907","Light Cult Crypto Club #1907"
"1908","Light Cult Crypto Club #1908"
"1909","Light Cult Crypto Club #1909"
"1910","Light Cult Crypto Club #1910"
"1911","Light Cult Crypto Club #1911"
"1912","Light Cult Crypto Club #1912"
"1913","Light Cult Crypto Club #1913"
"1914","Light Cult Crypto Club #1914"
"1915","Light Cult Crypto Club #1915"
"1916","Light Cult Crypto Club #1916"
"1917","Light Cult Crypto Club #1917"
"1918","Light Cult Crypto Club #1918"
"1919","Light Cult Crypto Club #1919"
"1920","Light Cult Crypto Club #1920"
"1921","Light Cult Crypto Club #1921"
"1922","Light Cult Crypto Club #1922"
"1923","Light Cult Crypto Club #1923"
"1924","Light Cult Crypto Club #1924"
"1925","Light Cult Crypto Club #1925"
"1926","Light Cult Crypto Club #1926"
"1927","Light Cult Crypto Club #1927"
"1928","Light Cult Crypto Club #1928"
"1929","Light Cult Crypto Club #1929"
"1930","Light Cult Crypto Club #1930"
"1931","Light Cult Crypto Club #1931"
"1932","Light Cult Crypto Club #1932"
"1933","Light Cult Crypto Club #1933"
"1934","Light Cult Crypto Club #1934"
"1935","Light Cult Crypto Club #1935"
"1936","Light Cult Crypto Club #1936"
"1937","Light Cult Crypto Club #1937"
"1938","Light Cult Crypto Club #1938"
"1939","Light Cult Crypto Club #1939"
"1940","Light Cult Crypto Club #1940"
"1941","Light Cult Crypto Club #1941"
"1942","Light Cult Crypto Club #1942"
"1943","Light Cult Crypto Club #1943"
"1944","Light Cult Crypto Club #1944"
"1945","Light Cult Crypto Club #1945"
"1946","Light Cult Crypto Club #1946"
"1947","Light Cult Crypto Club #1947"
"1948","Light Cult Crypto Club #1948"
"1949","Light Cult Crypto Club #1949"
"1950","Light Cult Crypto Club #1950"
"1951","Light Cult Crypto Club #1951"
"1952","Light Cult Crypto Club #1952"
"1953","Light Cult Crypto Club #1953"
"1954","Light Cult Crypto Club #1954"
"1955","Light Cult Crypto Club #1955"
"1956","Light Cult Crypto Club #1956"
"1957","Light Cult Crypto Club #1957"
"1958","Light Cult Crypto Club #1958"
"1959","Light Cult Crypto Club #1959"
"1960","Light Cult Crypto Club #1960"
"1961","Light Cult Crypto Club #1961"
"1962","Light Cult Crypto Club #1962"
"1963","Light Cult Crypto Club #1963"
"1964","Light Cult Crypto Club #1964"
"1965","Light Cult Crypto Club #1965"
"1966","Light Cult Crypto Club #1966"
"1967","Light Cult Crypto Club #1967"
"1968","Light Cult Crypto Club #1968"
"1969","Light Cult Crypto Club #1969"
"1970","Light Cult Crypto Club #1970"
"1971","Light Cult Crypto Club #1971"
"1972","Light Cult Crypto Club #1972"
"1973","Light Cult Crypto Club #1973"
"1974","Light Cult Crypto Club #1974"
"1975","Light Cult Crypto Club #1975"
"1976","Light Cult Crypto Club #1976"
"1977","Light Cult Crypto Club #1977"
"1978","Light Cult Crypto Club #1978"
"1979","Light Cult Crypto Club #1979"
"1980","Light Cult Crypto Club #1980"
"1981","Light Cult Crypto Club #1981"
"1982","Light Cult Crypto Club #1982"
"1983","Light Cult Crypto Club #1983"
"1984","Light Cult Crypto Club #1984"
"1985","Light Cult Crypto Club #1985"
"1986","Light Cult Crypto Club #1986"
"1987","Light Cult Crypto Club #1987"
"1988","Light Cult Crypto Club #1988"
"1989","Light Cult Crypto Club #1989"
"1990","Light Cult Crypto Club #1990"
"1991","Light Cult Crypto Club #1991"
"1992","Light Cult Crypto Club #1992"
"1993","Light Cult Crypto Club #1993"
"1994","Light Cult Crypto Club #1994"
"1995","Light Cult Crypto Club #1995"
"1996","Light Cult Crypto Club #1996"
"1997","Light Cult Crypto Club #1997"
"1998","Light Cult Crypto Club #1998"
"1999","Light Cult Crypto Club #1999"
"2000","Light Cult Crypto Club #2000"
"2001","Light Cult Crypto Club #2001"
"2002","Light Cult Crypto Club #2002"
"2003","Light Cult Crypto Club #2003"
"2004","Light Cult Crypto Club #2004"
"2005","Light Cult Crypto Club #2005"
"2006","Light Cult Crypto Club #2006"
"2007","Light Cult Crypto Club #2007"
"2008","Light Cult Crypto Club #2008"
"2009","Light Cult Crypto Club #2009"
"2010","Light Cult Crypto Club #2010"
"2011","Light Cult Crypto Club #2011"
"2012","Light Cult Crypto Club #2012"
"2013","Light Cult Crypto Club #2013"
"2014","Light Cult Crypto Club #2014"
"2015","Light Cult Crypto Club #2015"
"2016","Light Cult Crypto Club #2016"
"2017","Light Cult Crypto Club #2017"
"2018","Light Cult Crypto Club #2018"
"2019","Light Cult Crypto Club #2019"
"2020","Light Cult Crypto Club #2020"
"2021","Light Cult Crypto Club #2021"
"2022","Light Cult Crypto Club #2022"
"2023","Light Cult Crypto Club #2023"
"2024","Light Cult Crypto Club #2024"
"2025","Light Cult Crypto Club #2025"
"2026","Light Cult Crypto Club #2026"
"2027","Light Cult Crypto Club #2027"
"2028","Light Cult Crypto Club #2028"
"2029","Light Cult Crypto Club #2029"
"2030","Light Cult Crypto Club #2030"
"2031","Light Cult Crypto Club #2031"
"2032","Light Cult Crypto Club #2032"
"2033","Light Cult Crypto Club #2033"
"2034","Light Cult Crypto Club #2034"
"2035","Light Cult Crypto Club #2035"
"2036","Light Cult Crypto Club #2036"
"2037","Light Cult Crypto Club #2037"
"2038","Light Cult Crypto Club #2038"
"2039","Light Cult Crypto Club #2039"
"2040","Light Cult Crypto Club #2040"
"2041","Light Cult Crypto Club #2041"
"2042","Light Cult Crypto Club #2042"
"2043","Light Cult Crypto Club #2043"
"2044","Light Cult Crypto Club #2044"
"2045","Light Cult Crypto Club #2045"
"2046","Light Cult Crypto Club #2046"
"2047","Light Cult Crypto Club #2047"
"2048","Light Cult Crypto Club #2048"
"2049","Light Cult Crypto Club #2049"
"2050","Light Cult Crypto Club #2050"
"2051","Light Cult Crypto Club #2051"
"2052","Light Cult Crypto Club #2052"
"2053","Light Cult Crypto Club #2053"
"2054","Light Cult Crypto Club #2054"
"2055","Light Cult Crypto Club #2055"
"2056","Light Cult Crypto Club #2056"
"2057","Light Cult Crypto Club #2057"
"2058","Light Cult Crypto Club #2058"
"2059","Light Cult Crypto Club #2059"
"2060","Light Cult Crypto Club #2060"
"2061","Light Cult Crypto Club #2061"
"2062","Light Cult Crypto Club #2062"
"2063","Light Cult Crypto Club #2063"
"2064","Light Cult Crypto Club #2064"
"2065","Light Cult Crypto Club #2065"
"2066","Light Cult Crypto Club #2066"
"2067","Light Cult Crypto Club #2067"
"2068","Light Cult Crypto Club #2068"
"2069","Light Cult Crypto Club #2069"
"2070","Light Cult Crypto Club #2070"
"2071","Light Cult Crypto Club #2071"
"2072","Light Cult Crypto Club #2072"
"2073","Light Cult Crypto Club #2073"
"2074","Light Cult Crypto Club #2074"
"2075","Light Cult Crypto Club #2075"
"2076","Light Cult Crypto Club #2076"
"2077","Light Cult Crypto Club #2077"
"2078","Light Cult Crypto Club #2078"
"2079","Light Cult Crypto Club #2079"
"2080","Light Cult Crypto Club #2080"
"2081","Light Cult Crypto Club #2081"
"2082","Light Cult Crypto Club #2082"
"2083","Light Cult Crypto Club #2083"
"2084","Light Cult Crypto Club #2084"
"2085","Light Cult Crypto Club #2085"
"2086","Light Cult Crypto Club #2086"
"2087","Light Cult Crypto Club #2087"
"2088","Light Cult Crypto Club #2088"
"2089","Light Cult Crypto Club #2089"
"2090","Light Cult Crypto Club #2090"
"2091","Light Cult Crypto Club #2091"
"2092","Light Cult Crypto Club #2092"
"2093","Light Cult Crypto Club #2093"
"2094","Light Cult Crypto Club #2094"
"2095","Light Cult Crypto Club #2095"
"2096","Light Cult Crypto Club #2096"
"2097","Light Cult Crypto Club #2097"
"2098","Light Cult Crypto Club #2098"
"2099","Light Cult Crypto Club #2099"
"2100","Light Cult Crypto Club #2100"
"2101","Light Cult Crypto Club #2101"
"2102","Light Cult Crypto Club #2102"
"2103","Light Cult Crypto Club #2103"
"2104","Light Cult Crypto Club #2104"
"2105","Light Cult Crypto Club #2105"
"2106","Light Cult Crypto Club #2106"
"2107","Light Cult Crypto Club #2107"
"2108","Light Cult Crypto Club #2108"
"2109","Light Cult Crypto Club #2109"
"2110","Light Cult Crypto Club #2110"
"2111","Light Cult Crypto Club #2111"
"2112","Light Cult Crypto Club #2112"
"2113","Light Cult Crypto Club #2113"
"2114","Light Cult Crypto Club #2114"
"2115","Light Cult Crypto Club #2115"
"2116","Light Cult Crypto Club #2116"
"2117","Light Cult Crypto Club #2117"
"2118","Light Cult Crypto Club #2118"
"2119","Light Cult Crypto Club #2119"
"2120","Light Cult Crypto Club #2120"
"2121","Light Cult Crypto Club #2121"
"2122","Light Cult Crypto Club #2122"
"2123","Light Cult Crypto Club #2123"
"2124","Light Cult Crypto Club #2124"
"2125","Light Cult Crypto Club #2125"
"2126","Light Cult Crypto Club #2126"
"2127","Light Cult Crypto Club #2127"
"2128","Light Cult Crypto Club #2128"
"2129","Light Cult Crypto Club #2129"
"2130","Light Cult Crypto Club #2130"
"2131","Light Cult Crypto Club #2131"
"2132","Light Cult Crypto Club #2132"
"2133","Light Cult Crypto Club #2133"
"2134","Light Cult Crypto Club #2134"
"2135","Light Cult Crypto Club #2135"
"2136","Light Cult Crypto Club #2136"
"2137","Light Cult Crypto Club #2137"
"2138","Light Cult Crypto Club #2138"
"2139","Light Cult Crypto Club #2139"
"2140","Light Cult Crypto Club #2140"
"2141","Light Cult Crypto Club #2141"
"2142","Light Cult Crypto Club #2142"
"2143","Light Cult Crypto Club #2143"
"2144","Light Cult Crypto Club #2144"
"2145","Light Cult Crypto Club #2145"
"2146","Light Cult Crypto Club #2146"
"2147","Light Cult Crypto Club #2147"
"2148","Light Cult Crypto Club #2148"
"2149","Light Cult Crypto Club #2149"
"2150","Light Cult Crypto Club #2150"
"2151","Light Cult Crypto Club #2151"
"2152","Light Cult Crypto Club #2152"
"2153","Light Cult Crypto Club #2153"
"2154","Light Cult Crypto Club #2154"
"2155","Light Cult Crypto Club #2155"
"2156","Light Cult Crypto Club #2156"
"2157","Light Cult Crypto Club #2157"
"2158","Light Cult Crypto Club #2158"
"2159","Light Cult Crypto Club #2159"
"2160","Light Cult Crypto Club #2160"
"2161","Light Cult Crypto Club #2161"
"2162","Light Cult Crypto Club #2162"
"2163","Light Cult Crypto Club #2163"
"2164","Light Cult Crypto Club #2164"
"2165","Light Cult Crypto Club #2165"
"2166","Light Cult Crypto Club #2166"
"2167","Light Cult Crypto Club #2167"
"2168","Light Cult Crypto Club #2168"
"2169","Light Cult Crypto Club #2169"
"2170","Light Cult Crypto Club #2170"
"2171","Light Cult Crypto Club #2171"
"2172","Light Cult Crypto Club #2172"
"2173","Light Cult Crypto Club #2173"
"2174","Light Cult Crypto Club #2174"
"2175","Light Cult Crypto Club #2175"
"2176","Light Cult Crypto Club #2176"
"2177","Light Cult Crypto Club #2177"
"2178","Light Cult Crypto Club #2178"
"2179","Light Cult Crypto Club #2179"
"2180","Light Cult Crypto Club #2180"
"2181","Light Cult Crypto Club #2181"
"2182","Light Cult Crypto Club #2182"
"2183","Light Cult Crypto Club #2183"
"2184","Light Cult Crypto Club #2184"
"2185","Light Cult Crypto Club #2185"
"2186","Light Cult Crypto Club #2186"
"2187","Light Cult Crypto Club #2187"
"2188","Light Cult Crypto Club #2188"
"2189","Light Cult Crypto Club #2189"
"2190","Light Cult Crypto Club #2190"
"2191","Light Cult Crypto Club #2191"
"2192","Light Cult Crypto Club #2192"
"2193","Light Cult Crypto Club #2193"
"2194","Light Cult Crypto Club #2194"
"2195","Light Cult Crypto Club #2195"
"2196","Light Cult Crypto Club #2196"
"2197","Light Cult Crypto Club #2197"
"2198","Light Cult Crypto Club #2198"
"2199","Light Cult Crypto Club #2199"
"2200","Light Cult Crypto Club #2200"
"2201","Light Cult Crypto Club #2201"
"2202","Light Cult Crypto Club #2202"
"2203","Light Cult Crypto Club #2203"
"2204","Light Cult Crypto Club #2204"
"2205","Light Cult Crypto Club #2205"
"2206","Light Cult Crypto Club #2206"
"2207","Light Cult Crypto Club #2207"
"2208","Light Cult Crypto Club #2208"
"2209","Light Cult Crypto Club #2209"
"2210","Light Cult Crypto Club #2210"
"2211","Light Cult Crypto Club #2211"
"2212","Light Cult Crypto Club #2212"
"2213","Light Cult Crypto Club #2213"
"2214","Light Cult Crypto Club #2214"
"2215","Light Cult Crypto Club #2215"
"2216","Light Cult Crypto Club #2216"
"2217","Light Cult Crypto Club #2217"
"2218","Light Cult Crypto Club #2218"
"2219","Light Cult Crypto Club #2219"
"2220","Light Cult Crypto Club #2220"
"2221","Light Cult Crypto Club #2221"
"2222","Light Cult Crypto Club #2222"
"2223","Light Cult Crypto Club #2223"
"2224","Light Cult Crypto Club #2224"
"2225","Light Cult Crypto Club #2225"
"2226","Light Cult Crypto Club #2226"
"2227","Light Cult Crypto Club #2227"
"2228","Light Cult Crypto Club #2228"
"2229","Light Cult Crypto Club #2229"
"2230","Light Cult Crypto Club #2230"
"2231","Light Cult Crypto Club #2231"
"2232","Light Cult Crypto Club #2232"
"2233","Light Cult Crypto Club #2233"
"2234","Light Cult Crypto Club #2234"
"2235","Light Cult Crypto Club #2235"
"2236","Light Cult Crypto Club #2236"
"2237","Light Cult Crypto Club #2237"
"2238","Light Cult Crypto Club #2238"
"2239","Light Cult Crypto Club #2239"
"2240","Light Cult Crypto Club #2240"
"2241","Light Cult Crypto Club #2241"
"2242","Light Cult Crypto Club #2242"
"2243","Light Cult Crypto Club #2243"
"2244","Light Cult Crypto Club #2244"
"2245","Light Cult Crypto Club #2245"
"2246","Light Cult Crypto Club #2246"
"2247","Light Cult Crypto Club #2247"
"2248","Light Cult Crypto Club #2248"
"2249","Light Cult Crypto Club #2249"
"2250","Light Cult Crypto Club #2250"
"2251","Light Cult Crypto Club #2251"
"2252","Light Cult Crypto Club #2252"
"2253","Light Cult Crypto Club #2253"
"2254","Light Cult Crypto Club #2254"
"2255","Light Cult Crypto Club #2255"
"2256","Light Cult Crypto Club #2256"
"2257","Light Cult Crypto Club #2257"
"2258","Light Cult Crypto Club #2258"
"2259","Light Cult Crypto Club #2259"
"2260","Light Cult Crypto Club #2260"
"2261","Light Cult Crypto Club #2261"
"2262","Light Cult Crypto Club #2262"
"2263","Light Cult Crypto Club #2263"
"2264","Light Cult Crypto Club #2264"
"2265","Light Cult Crypto Club #2265"
"2266","Light Cult Crypto Club #2266"
"2267","Light Cult Crypto Club #2267"
"2268","Light Cult Crypto Club #2268"
"2269","Light Cult Crypto Club #2269"
"2270","Light Cult Crypto Club #2270"
"2271","Light Cult Crypto Club #2271"
"2272","Light Cult Crypto Club #2272"
"2273","Light Cult Crypto Club #2273"
"2274","Light Cult Crypto Club #2274"
"2275","Light Cult Crypto Club #2275"
"2276","Light Cult Crypto Club #2276"
"2277","Light Cult Crypto Club #2277"
"2278","Light Cult Crypto Club #2278"
"2279","Light Cult Crypto Club #2279"
"2280","Light Cult Crypto Club #2280"
"2281","Light Cult Crypto Club #2281"
"2282","Light Cult Crypto Club #2282"
"2283","Light Cult Crypto Club #2283"
"2284","Light Cult Crypto Club #2284"
"2285","Light Cult Crypto Club #2285"
"2286","Light Cult Crypto Club #2286"
"2287","Light Cult Crypto Club #2287"
"2288","Light Cult Crypto Club #2288"
"2289","Light Cult Crypto Club #2289"
"2290","Light Cult Crypto Club #2290"
"2291","Light Cult Crypto Club #2291"
"2292","Light Cult Crypto Club #2292"
"2293","Light Cult Crypto Club #2293"
"2294","Light Cult Crypto Club #2294"
"2295","Light Cult Crypto Club #2295"
"2296","Light Cult Crypto Club #2296"
"2297","Light Cult Crypto Club #2297"
"2298","Light Cult Crypto Club #2298"
"2299","Light Cult Crypto Club #2299"
"2300","Light Cult Crypto Club #2300"
"2301","Light Cult Crypto Club #2301"
"2302","Light Cult Crypto Club #2302"
"2303","Light Cult Crypto Club #2303"
"2304","Light Cult Crypto Club #2304"
"2305","Light Cult Crypto Club #2305"
"2306","Light Cult Crypto Club #2306"
"2307","Light Cult Crypto Club #2307"
"2308","Light Cult Crypto Club #2308"
"2309","Light Cult Crypto Club #2309"
"2310","Light Cult Crypto Club #2310"
"2311","Light Cult Crypto Club #2311"
"2312","Light Cult Crypto Club #2312"
"2313","Light Cult Crypto Club #2313"
"2314","Light Cult Crypto Club #2314"
"2315","Light Cult Crypto Club #2315"
"2316","Light Cult Crypto Club #2316"
"2317","Light Cult Crypto Club #2317"
"2318","Light Cult Crypto Club #2318"
"2319","Light Cult Crypto Club #2319"
"2320","Light Cult Crypto Club #2320"
"2321","Light Cult Crypto Club #2321"
"2322","Light Cult Crypto Club #2322"
"2323","Light Cult Crypto Club #2323"
"2324","Light Cult Crypto Club #2324"
"2325","Light Cult Crypto Club #2325"
"2326","Light Cult Crypto Club #2326"
"2327","Light Cult Crypto Club #2327"
"2328","Light Cult Crypto Club #2328"
"2329","Light Cult Crypto Club #2329"
"2330","Light Cult Crypto Club #2330"
"2331","Light Cult Crypto Club #2331"
"2332","Light Cult Crypto Club #2332"
"2333","Light Cult Crypto Club #2333"
"2334","Light Cult Crypto Club #2334"
"2335","Light Cult Crypto Club #2335"
"2336","Light Cult Crypto Club #2336"
"2337","Light Cult Crypto Club #2337"
"2338","Light Cult Crypto Club #2338"
"2339","Light Cult Crypto Club #2339"
"2340","Light Cult Crypto Club #2340"
"2341","Light Cult Crypto Club #2341"
"2342","Light Cult Crypto Club #2342"
"2343","Light Cult Crypto Club #2343"
"2344","Light Cult Crypto Club #2344"
"2345","Light Cult Crypto Club #2345"
"2346","Light Cult Crypto Club #2346"
"2347","Light Cult Crypto Club #2347"
"2348","Light Cult Crypto Club #2348"
"2349","Light Cult Crypto Club #2349"
"2350","Light Cult Crypto Club #2350"
"2351","Light Cult Crypto Club #2351"
"2352","Light Cult Crypto Club #2352"
"2353","Light Cult Crypto Club #2353"
"2354","Light Cult Crypto Club #2354"
"2355","Light Cult Crypto Club #2355"
"2356","Light Cult Crypto Club #2356"
"2357","Light Cult Crypto Club #2357"
"2358","Light Cult Crypto Club #2358"
"2359","Light Cult Crypto Club #2359"
"2360","Light Cult Crypto Club #2360"
"2361","Light Cult Crypto Club #2361"
"2362","Light Cult Crypto Club #2362"
"2363","Light Cult Crypto Club #2363"
"2364","Light Cult Crypto Club #2364"
"2365","Light Cult Crypto Club #2365"
"2366","Light Cult Crypto Club #2366"
"2367","Light Cult Crypto Club #2367"
"2368","Light Cult Crypto Club #2368"
"2369","Light Cult Crypto Club #2369"
"2370","Light Cult Crypto Club #2370"
"2371","Light Cult Crypto Club #2371"
"2372","Light Cult Crypto Club #2372"
"2373","Light Cult Crypto Club #2373"
"2374","Light Cult Crypto Club #2374"
"2375","Light Cult Crypto Club #2375"
"2376","Light Cult Crypto Club #2376"
"2377","Light Cult Crypto Club #2377"
"2378","Light Cult Crypto Club #2378"
"2379","Light Cult Crypto Club #2379"
"2380","Light Cult Crypto Club #2380"
"2381","Light Cult Crypto Club #2381"
"2382","Light Cult Crypto Club #2382"
"2383","Light Cult Crypto Club #2383"
"2384","Light Cult Crypto Club #2384"
"2385","Light Cult Crypto Club #2385"
"2386","Light Cult Crypto Club #2386"
"2387","Light Cult Crypto Club #2387"
"2388","Light Cult Crypto Club #2388"
"2389","Light Cult Crypto Club #2389"
"2390","Light Cult Crypto Club #2390"
"2391","Light Cult Crypto Club #2391"
"2392","Light Cult Crypto Club #2392"
"2393","Light Cult Crypto Club #2393"
"2394","Light Cult Crypto Club #2394"
"2395","Light Cult Crypto Club #2395"
"2396","Light Cult Crypto Club #2396"
"2397","Light Cult Crypto Club #2397"
"2398","Light Cult Crypto Club #2398"
"2399","Light Cult Crypto Club #2399"
"2400","Light Cult Crypto Club #2400"
"2401","Light Cult Crypto Club #2401"
"2402","Light Cult Crypto Club #2402"
"2403","Light Cult Crypto Club #2403"
"2404","Light Cult Crypto Club #2404"
"2405","Light Cult Crypto Club #2405"
"2406","Light Cult Crypto Club #2406"
"2407","Light Cult Crypto Club #2407"
"2408","Light Cult Crypto Club #2408"
"2409","Light Cult Crypto Club #2409"
"2410","Light Cult Crypto Club #2410"
"2411","Light Cult Crypto Club #2411"
"2412","Light Cult Crypto Club #2412"
"2413","Light Cult Crypto Club #2413"
"2414","Light Cult Crypto Club #2414"
"2415","Light Cult Crypto Club #2415"
"2416","Light Cult Crypto Club #2416"
"2417","Light Cult Crypto Club #2417"
"2418","Light Cult Crypto Club #2418"
"2419","Light Cult Crypto Club #2419"
"2420","Light Cult Crypto Club #2420"
"2421","Light Cult Crypto Club #2421"
"2422","Light Cult Crypto Club #2422"
"2423","Light Cult Crypto Club #2423"
"2424","Light Cult Crypto Club #2424"
"2425","Light Cult Crypto Club #2425"
"2426","Light Cult Crypto Club #2426"
"2427","Light Cult Crypto Club #2427"
"2428","Light Cult Crypto Club #2428"
"2429","Light Cult Crypto Club #2429"
"2430","Light Cult Crypto Club #2430"
"2431","Light Cult Crypto Club #2431"
"2432","Light Cult Crypto Club #2432"
"2433","Light Cult Crypto Club #2433"
"2434","Light Cult Crypto Club #2434"
"2435","Light Cult Crypto Club #2435"
"2436","Light Cult Crypto Club #2436"
"2437","Light Cult Crypto Club #2437"
"2438","Light Cult Crypto Club #2438"
"2439","Light Cult Crypto Club #2439"
"2440","Light Cult Crypto Club #2440"
"2441","Light Cult Crypto Club #2441"
"2442","Light Cult Crypto Club #2442"
"2443","Light Cult Crypto Club #2443"
"2444","Light Cult Crypto Club #2444"
"2445","Light Cult Crypto Club #2445"
"2446","Light Cult Crypto Club #2446"
"2447","Light Cult Crypto Club #2447"
"2448","Light Cult Crypto Club #2448"
"2449","Light Cult Crypto Club #2449"
"2450","Light Cult Crypto Club #2450"
"2451","Light Cult Crypto Club #2451"
"2452","Light Cult Crypto Club #2452"
"2453","Light Cult Crypto Club #2453"
"2454","Light Cult Crypto Club #2454"
"2455","Light Cult Crypto Club #2455"
"2456","Light Cult Crypto Club #2456"
"2457","Light Cult Crypto Club #2457"
"2458","Light Cult Crypto Club #2458"
"2459","Light Cult Crypto Club #2459"
"2460","Light Cult Crypto Club #2460"
"2461","Light Cult Crypto Club #2461"
"2462","Light Cult Crypto Club #2462"
"2463","Light Cult Crypto Club #2463"
"2464","Light Cult Crypto Club #2464"
"2465","Light Cult Crypto Club #2465"
"2466","Light Cult Crypto Club #2466"
"2467","Light Cult Crypto Club #2467"
"2468","Light Cult Crypto Club #2468"
"2469","Light Cult Crypto Club #2469"
"2470","Light Cult Crypto Club #2470"
"2471","Light Cult Crypto Club #2471"
"2472","Light Cult Crypto Club #2472"
"2473","Light Cult Crypto Club #2473"
"2474","Light Cult Crypto Club #2474"
"2475","Light Cult Crypto Club #2475"
"2476","Light Cult Crypto Club #2476"
"2477","Light Cult Crypto Club #2477"
"2478","Light Cult Crypto Club #2478"
"2479","Light Cult Crypto Club #2479"
"2480","Light Cult Crypto Club #2480"
"2481","Light Cult Crypto Club #2481"
"2482","Light Cult Crypto Club #2482"
"2483","Light Cult Crypto Club #2483"
"2484","Light Cult Crypto Club #2484"
"2485","Light Cult Crypto Club #2485"
"2486","Light Cult Crypto Club #2486"
"2487","Light Cult Crypto Club #2487"
"2488","Light Cult Crypto Club #2488"
"2489","Light Cult Crypto Club #2489"
"2490","Light Cult Crypto Club #2490"
"2491","Light Cult Crypto Club #2491"
"2492","Light Cult Crypto Club #2492"
"2493","Light Cult Crypto Club #2493"
"2494","Light Cult Crypto Club #2494"
"2495","Light Cult Crypto Club #2495"
"2496","Light Cult Crypto Club #2496"
"2497","Light Cult Crypto Club #2497"
"2498","Light Cult Crypto Club #2498"
"2499","Light Cult Crypto Club #2499"
"2500","Light Cult Crypto Club #2500"
"2501","Light Cult Crypto Club #2501"
"2502","Light Cult Crypto Club #2502"
"2503","Light Cult Crypto Club #2503"
"2504","Light Cult Crypto Club #2504"
"2505","Light Cult Crypto Club #2505"
"2506","Light Cult Crypto Club #2506"
"2507","Light Cult Crypto Club #2507"
"2508","Light Cult Crypto Club #2508"
"2509","Light Cult Crypto Club #2509"
"2510","Light Cult Crypto Club #2510"
"2511","Light Cult Crypto Club #2511"
"2512","Light Cult Crypto Club #2512"
"2513","Light Cult Crypto Club #2513"
"2514","Light Cult Crypto Club #2514"
"2515","Light Cult Crypto Club #2515"
"2516","Light Cult Crypto Club #2516"
"2517","Light Cult Crypto Club #2517"
"2518","Light Cult Crypto Club #2518"
"2519","Light Cult Crypto Club #2519"
"2520","Light Cult Crypto Club #2520"
"2521","Light Cult Crypto Club #2521"
"2522","Light Cult Crypto Club #2522"
"2523","Light Cult Crypto Club #2523"
"2524","Light Cult Crypto Club #2524"
"2525","Light Cult Crypto Club #2525"
"2526","Light Cult Crypto Club #2526"
"2527","Light Cult Crypto Club #2527"
"2528","Light Cult Crypto Club #2528"
"2529","Light Cult Crypto Club #2529"
"2530","Light Cult Crypto Club #2530"
"2531","Light Cult Crypto Club #2531"
"2532","Light Cult Crypto Club #2532"
"2533","Light Cult Crypto Club #2533"
"2534","Light Cult Crypto Club #2534"
"2535","Light Cult Crypto Club #2535"
"2536","Light Cult Crypto Club #2536"
"2537","Light Cult Crypto Club #2537"
"2538","Light Cult Crypto Club #2538"
"2539","Light Cult Crypto Club #2539"
"2540","Light Cult Crypto Club #2540"
"2541","Light Cult Crypto Club #2541"
"2542","Light Cult Crypto Club #2542"
"2543","Light Cult Crypto Club #2543"
"2544","Light Cult Crypto Club #2544"
"2545","Light Cult Crypto Club #2545"
"2546","Light Cult Crypto Club #2546"
"2547","Light Cult Crypto Club #2547"
"2548","Light Cult Crypto Club #2548"
"2549","Light Cult Crypto Club #2549"
"2550","Light Cult Crypto Club #2550"
"2551","Light Cult Crypto Club #2551"
"2552","Light Cult Crypto Club #2552"
"2553","Light Cult Crypto Club #2553"
"2554","Light Cult Crypto Club #2554"
"2555","Light Cult Crypto Club #2555"
"2556","Light Cult Crypto Club #2556"
"2557","Light Cult Crypto Club #2557"
"2558","Light Cult Crypto Club #2558"
"2559","Light Cult Crypto Club #2559"
"2560","Light Cult Crypto Club #2560"
"2561","Light Cult Crypto Club #2561"
"2562","Light Cult Crypto Club #2562"
"2563","Light Cult Crypto Club #2563"
"2564","Light Cult Crypto Club #2564"
"2565","Light Cult Crypto Club #2565"
"2566","Light Cult Crypto Club #2566"
"2567","Light Cult Crypto Club #2567"
"2568","Light Cult Crypto Club #2568"
"2569","Light Cult Crypto Club #2569"
"2570","Light Cult Crypto Club #2570"
"2571","Light Cult Crypto Club #2571"
"2572","Light Cult Crypto Club #2572"
"2573","Light Cult Crypto Club #2573"
"2574","Light Cult Crypto Club #2574"
"2575","Light Cult Crypto Club #2575"
"2576","Light Cult Crypto Club #2576"
"2577","Light Cult Crypto Club #2577"
"2578","Light Cult Crypto Club #2578"
"2579","Light Cult Crypto Club #2579"
"2580","Light Cult Crypto Club #2580"
"2581","Light Cult Crypto Club #2581"
"2582","Light Cult Crypto Club #2582"
"2583","Light Cult Crypto Club #2583"
"2584","Light Cult Crypto Club #2584"
"2585","Light Cult Crypto Club #2585"
"2586","Light Cult Crypto Club #2586"
"2587","Light Cult Crypto Club #2587"
"2588","Light Cult Crypto Club #2588"
"2589","Light Cult Crypto Club #2589"
"2590","Light Cult Crypto Club #2590"
"2591","Light Cult Crypto Club #2591"
"2592","Light Cult Crypto Club #2592"
"2593","Light Cult Crypto Club #2593"
"2594","Light Cult Crypto Club #2594"
"2595","Light Cult Crypto Club #2595"
"2596","Light Cult Crypto Club #2596"
"2597","Light Cult Crypto Club #2597"
"2598","Light Cult Crypto Club #2598"
"2599","Light Cult Crypto Club #2599"
"2600","Light Cult Crypto Club #2600"
"2601","Light Cult Crypto Club #2601"
"2602","Light Cult Crypto Club #2602"
"2603","Light Cult Crypto Club #2603"
"2604","Light Cult Crypto Club #2604"
"2605","Light Cult Crypto Club #2605"
"2606","Light Cult Crypto Club #2606"
"2607","Light Cult Crypto Club #2607"
"2608","Light Cult Crypto Club #2608"
"2609","Light Cult Crypto Club #2609"
"2610","Light Cult Crypto Club #2610"
"2611","Light Cult Crypto Club #2611"
"2612","Light Cult Crypto Club #2612"
"2613","Light Cult Crypto Club #2613"
"2614","Light Cult Crypto Club #2614"
"2615","Light Cult Crypto Club #2615"
"2616","Light Cult Crypto Club #2616"
"2617","Light Cult Crypto Club #2617"
"2618","Light Cult Crypto Club #2618"
"2619","Light Cult Crypto Club #2619"
"2620","Light Cult Crypto Club #2620"
"2621","Light Cult Crypto Club #2621"
"2622","Light Cult Crypto Club #2622"
"2623","Light Cult Crypto Club #2623"
"2624","Light Cult Crypto Club #2624"
"2625","Light Cult Crypto Club #2625"
"2626","Light Cult Crypto Club #2626"
"2627","Light Cult Crypto Club #2627"
"2628","Light Cult Crypto Club #2628"
"2629","Light Cult Crypto Club #2629"
"2630","Light Cult Crypto Club #2630"
"2631","Light Cult Crypto Club #2631"
"2632","Light Cult Crypto Club #2632"
"2633","Light Cult Crypto Club #2633"
"2634","Light Cult Crypto Club #2634"
"2635","Light Cult Crypto Club #2635"
"2636","Light Cult Crypto Club #2636"
"2637","Light Cult Crypto Club #2637"
"2638","Light Cult Crypto Club #2638"
"2639","Light Cult Crypto Club #2639"
"2640","Light Cult Crypto Club #2640"
"2641","Light Cult Crypto Club #2641"
"2642","Light Cult Crypto Club #2642"
"2643","Light Cult Crypto Club #2643"
"2644","Light Cult Crypto Club #2644"
"2645","Light Cult Crypto Club #2645"
"2646","Light Cult Crypto Club #2646"
"2647","Light Cult Crypto Club #2647"
"2648","Light Cult Crypto Club #2648"
"2649","Light Cult Crypto Club #2649"
"2650","Light Cult Crypto Club #2650"
"2651","Light Cult Crypto Club #2651"
"2652","Light Cult Crypto Club #2652"
"2653","Light Cult Crypto Club #2653"
"2654","Light Cult Crypto Club #2654"
"2655","Light Cult Crypto Club #2655"
"2656","Light Cult Crypto Club #2656"
"2657","Light Cult Crypto Club #2657"
"2658","Light Cult Crypto Club #2658"
"2659","Light Cult Crypto Club #2659"
"2660","Light Cult Crypto Club #2660"
"2661","Light Cult Crypto Club #2661"
"2662","Light Cult Crypto Club #2662"
"2663","Light Cult Crypto Club #2663"
"2664","Light Cult Crypto Club #2664"
"2665","Light Cult Crypto Club #2665"
"2666","Light Cult Crypto Club #2666"
"2667","Light Cult Crypto Club #2667"
"2668","Light Cult Crypto Club #2668"
"2669","Light Cult Crypto Club #2669"
"2670","Light Cult Crypto Club #2670"
"2671","Light Cult Crypto Club #2671"
"2672","Light Cult Crypto Club #2672"
"2673","Light Cult Crypto Club #2673"
"2674","Light Cult Crypto Club #2674"
"2675","Light Cult Crypto Club #2675"
"2676","Light Cult Crypto Club #2676"
"2677","Light Cult Crypto Club #2677"
"2678","Light Cult Crypto Club #2678"
"2679","Light Cult Crypto Club #2679"
"2680","Light Cult Crypto Club #2680"
"2681","Light Cult Crypto Club #2681"
"2682","Light Cult Crypto Club #2682"
"2683","Light Cult Crypto Club #2683"
"2684","Light Cult Crypto Club #2684"
"2685","Light Cult Crypto Club #2685"
"2686","Light Cult Crypto Club #2686"
"2687","Light Cult Crypto Club #2687"
"2688","Light Cult Crypto Club #2688"
"2689","Light Cult Crypto Club #2689"
"2690","Light Cult Crypto Club #2690"
"2691","Light Cult Crypto Club #2691"
"2692","Light Cult Crypto Club #2692"
"2693","Light Cult Crypto Club #2693"
"2694","Light Cult Crypto Club #2694"
"2695","Light Cult Crypto Club #2695"
"2696","Light Cult Crypto Club #2696"
"2697","Light Cult Crypto Club #2697"
"2698","Light Cult Crypto Club #2698"
"2699","Light Cult Crypto Club #2699"
"2700","Light Cult Crypto Club #2700"
"2701","Light Cult Crypto Club #2701"
"2702","Light Cult Crypto Club #2702"
"2703","Light Cult Crypto Club #2703"
"2704","Light Cult Crypto Club #2704"
"2705","Light Cult Crypto Club #2705"
"2706","Light Cult Crypto Club #2706"
"2707","Light Cult Crypto Club #2707"
"2708","Light Cult Crypto Club #2708"
"2709","Light Cult Crypto Club #2709"
"2710","Light Cult Crypto Club #2710"
"2711","Light Cult Crypto Club #2711"
"2712","Light Cult Crypto Club #2712"
"2713","Light Cult Crypto Club #2713"
"2714","Light Cult Crypto Club #2714"
"2715","Light Cult Crypto Club #2715"
"2716","Light Cult Crypto Club #2716"
"2717","Light Cult Crypto Club #2717"
"2718","Light Cult Crypto Club #2718"
"2719","Light Cult Crypto Club #2719"
"2720","Light Cult Crypto Club #2720"
"2721","Light Cult Crypto Club #2721"
"2722","Light Cult Crypto Club #2722"
"2723","Light Cult Crypto Club #2723"
"2724","Light Cult Crypto Club #2724"
"2725","Light Cult Crypto Club #2725"
"2726","Light Cult Crypto Club #2726"
"2727","Light Cult Crypto Club #2727"
"2728","Light Cult Crypto Club #2728"
"2729","Light Cult Crypto Club #2729"
"2730","Light Cult Crypto Club #2730"
"2731","Light Cult Crypto Club #2731"
"2732","Light Cult Crypto Club #2732"
"2733","Light Cult Crypto Club #2733"
"2734","Light Cult Crypto Club #2734"
"2735","Light Cult Crypto Club #2735"
"2736","Light Cult Crypto Club #2736"
"2737","Light Cult Crypto Club #2737"
"2738","Light Cult Crypto Club #2738"
"2739","Light Cult Crypto Club #2739"
"2740","Light Cult Crypto Club #2740"
"2741","Light Cult Crypto Club #2741"
"2742","Light Cult Crypto Club #2742"
"2743","Light Cult Crypto Club #2743"
"2744","Light Cult Crypto Club #2744"
"2745","Light Cult Crypto Club #2745"
"2746","Light Cult Crypto Club #2746"
"2747","Light Cult Crypto Club #2747"
"2748","Light Cult Crypto Club #2748"
"2749","Light Cult Crypto Club #2749"
"2750","Light Cult Crypto Club #2750"
"2751","Light Cult Crypto Club #2751"
"2752","Light Cult Crypto Club #2752"
"2753","Light Cult Crypto Club #2753"
"2754","Light Cult Crypto Club #2754"
"2755","Light Cult Crypto Club #2755"
"2756","Light Cult Crypto Club #2756"
"2757","Light Cult Crypto Club #2757"
"2758","Light Cult Crypto Club #2758"
"2759","Light Cult Crypto Club #2759"
"2760","Light Cult Crypto Club #2760"
"2761","Light Cult Crypto Club #2761"
"2762","Light Cult Crypto Club #2762"
"2763","Light Cult Crypto Club #2763"
"2764","Light Cult Crypto Club #2764"
"2765","Light Cult Crypto Club #2765"
"2766","Light Cult Crypto Club #2766"
"2767","Light Cult Crypto Club #2767"
"2768","Light Cult Crypto Club #2768"
"2769","Light Cult Crypto Club #2769"
"2770","Light Cult Crypto Club #2770"
"2771","Light Cult Crypto Club #2771"
"2772","Light Cult Crypto Club #2772"
"2773","Light Cult Crypto Club #2773"
"2774","Light Cult Crypto Club #2774"
"2775","Light Cult Crypto Club #2775"
"2776","Light Cult Crypto Club #2776"
"2777","Light Cult Crypto Club #2777"
"2778","Light Cult Crypto Club #2778"
"2779","Light Cult Crypto Club #2779"
"2780","Light Cult Crypto Club #2780"
"2781","Light Cult Crypto Club #2781"
"2782","Light Cult Crypto Club #2782"
"2783","Light Cult Crypto Club #2783"
"2784","Light Cult Crypto Club #2784"
"2785","Light Cult Crypto Club #2785"
"2786","Light Cult Crypto Club #2786"
"2787","Light Cult Crypto Club #2787"
"2788","Light Cult Crypto Club #2788"
"2789","Light Cult Crypto Club #2789"
"2790","Light Cult Crypto Club #2790"
"2791","Light Cult Crypto Club #2791"
"2792","Light Cult Crypto Club #2792"
"2793","Light Cult Crypto Club #2793"
"2794","Light Cult Crypto Club #2794"
"2795","Light Cult Crypto Club #2795"
"2796","Light Cult Crypto Club #2796"
"2797","Light Cult Crypto Club #2797"
"2798","Light Cult Crypto Club #2798"
"2799","Light Cult Crypto Club #2799"
"2800","Light Cult Crypto Club #2800"
"2801","Light Cult Crypto Club #2801"
"2802","Light Cult Crypto Club #2802"
"2803","Light Cult Crypto Club #2803"
"2804","Light Cult Crypto Club #2804"
"2805","Light Cult Crypto Club #2805"
"2806","Light Cult Crypto Club #2806"
"2807","Light Cult Crypto Club #2807"
"2808","Light Cult Crypto Club #2808"
"2809","Light Cult Crypto Club #2809"
"2810","Light Cult Crypto Club #2810"
"2811","Light Cult Crypto Club #2811"
"2812","Light Cult Crypto Club #2812"
"2813","Light Cult Crypto Club #2813"
"2814","Light Cult Crypto Club #2814"
"2815","Light Cult Crypto Club #2815"
"2816","Light Cult Crypto Club #2816"
"2817","Light Cult Crypto Club #2817"
"2818","Light Cult Crypto Club #2818"
"2819","Light Cult Crypto Club #2819"
"2820","Light Cult Crypto Club #2820"
"2821","Light Cult Crypto Club #2821"
"2822","Light Cult Crypto Club #2822"
"2823","Light Cult Crypto Club #2823"
"2824","Light Cult Crypto Club #2824"
"2825","Light Cult Crypto Club #2825"
"2826","Light Cult Crypto Club #2826"
"2827","Light Cult Crypto Club #2827"
"2828","Light Cult Crypto Club #2828"
"2829","Light Cult Crypto Club #2829"
"2830","Light Cult Crypto Club #2830"
"2831","Light Cult Crypto Club #2831"
"2832","Light Cult Crypto Club #2832"
"2833","Light Cult Crypto Club #2833"
"2834","Light Cult Crypto Club #2834"
"2835","Light Cult Crypto Club #2835"
"2836","Light Cult Crypto Club #2836"
"2837","Light Cult Crypto Club #2837"
"2838","Light Cult Crypto Club #2838"
"2839","Light Cult Crypto Club #2839"
"2840","Light Cult Crypto Club #2840"
"2841","Light Cult Crypto Club #2841"
"2842","Light Cult Crypto Club #2842"
"2843","Light Cult Crypto Club #2843"
"2844","Light Cult Crypto Club #2844"
"2845","Light Cult Crypto Club #2845"
"2846","Light Cult Crypto Club #2846"
"2847","Light Cult Crypto Club #2847"
"2848","Light Cult Crypto Club #2848"
"2849","Light Cult Crypto Club #2849"
"2850","Light Cult Crypto Club #2850"
"2851","Light Cult Crypto Club #2851"
"2852","Light Cult Crypto Club #2852"
"2853","Light Cult Crypto Club #2853"
"2854","Light Cult Crypto Club #2854"
"2855","Light Cult Crypto Club #2855"
"2856","Light Cult Crypto Club #2856"
"2857","Light Cult Crypto Club #2857"
"2858","Light Cult Crypto Club #2858"
"2859","Light Cult Crypto Club #2859"
"2860","Light Cult Crypto Club #2860"
"2861","Light Cult Crypto Club #2861"
"2862","Light Cult Crypto Club #2862"
"2863","Light Cult Crypto Club #2863"
"2864","Light Cult Crypto Club #2864"
"2865","Light Cult Crypto Club #2865"
"2866","Light Cult Crypto Club #2866"
"2867","Light Cult Crypto Club #2867"
"2868","Light Cult Crypto Club #2868"
"2869","Light Cult Crypto Club #2869"
"2870","Light Cult Crypto Club #2870"
"2871","Light Cult Crypto Club #2871"
"2872","Light Cult Crypto Club #2872"
"2873","Light Cult Crypto Club #2873"
"2874","Light Cult Crypto Club #2874"
"2875","Light Cult Crypto Club #2875"
"2876","Light Cult Crypto Club #2876"
"2877","Light Cult Crypto Club #2877"
"2878","Light Cult Crypto Club #2878"
"2879","Light Cult Crypto Club #2879"
"2880","Light Cult Crypto Club #2880"
"2881","Light Cult Crypto Club #2881"
"2882","Light Cult Crypto Club #2882"
"2883","Light Cult Crypto Club #2883"
"2884","Light Cult Crypto Club #2884"
"2885","Light Cult Crypto Club #2885"
"2886","Light Cult Crypto Club #2886"
"2887","Light Cult Crypto Club #2887"
"2888","Light Cult Crypto Club #2888"
"2889","Light Cult Crypto Club #2889"
"2890","Light Cult Crypto Club #2890"
"2891","Light Cult Crypto Club #2891"
"2892","Light Cult Crypto Club #2892"
"2893","Light Cult Crypto Club #2893"
"2894","Light Cult Crypto Club #2894"
"2895","Light Cult Crypto Club #2895"
"2896","Light Cult Crypto Club #2896"
"2897","Light Cult Crypto Club #2897"
"2898","Light Cult Crypto Club #2898"
"2899","Light Cult Crypto Club #2899"
"2900","Light Cult Crypto Club #2900"
"2901","Light Cult Crypto Club #2901"
"2902","Light Cult Crypto Club #2902"
"2903","Light Cult Crypto Club #2903"
"2904","Light Cult Crypto Club #2904"
"2905","Light Cult Crypto Club #2905"
"2906","Light Cult Crypto Club #2906"
"2907","Light Cult Crypto Club #2907"
"2908","Light Cult Crypto Club #2908"
"2909","Light Cult Crypto Club #2909"
"2910","Light Cult Crypto Club #2910"
"2911","Light Cult Crypto Club #2911"
"2912","Light Cult Crypto Club #2912"
"2913","Light Cult Crypto Club #2913"
"2914","Light Cult Crypto Club #2914"
"2915","Light Cult Crypto Club #2915"
"2916","Light Cult Crypto Club #2916"
"2917","Light Cult Crypto Club #2917"
"2918","Light Cult Crypto Club #2918"
"2919","Light Cult Crypto Club #2919"
"2920","Light Cult Crypto Club #2920"
"2921","Light Cult Crypto Club #2921"
"2922","Light Cult Crypto Club #2922"
"2923","Light Cult Crypto Club #2923"
"2924","Light Cult Crypto Club #2924"
"2925","Light Cult Crypto Club #2925"
"2926","Light Cult Crypto Club #2926"
"2927","Light Cult Crypto Club #2927"
"2928","Light Cult Crypto Club #2928"
"2929","Light Cult Crypto Club #2929"
"2930","Light Cult Crypto Club #2930"
"2931","Light Cult Crypto Club #2931"
"2932","Light Cult Crypto Club #2932"
"2933","Light Cult Crypto Club #2933"
"2934","Light Cult Crypto Club #2934"
"2935","Light Cult Crypto Club #2935"
"2936","Light Cult Crypto Club #2936"
"2937","Light Cult Crypto Club #2937"
"2938","Light Cult Crypto Club #2938"
"2939","Light Cult Crypto Club #2939"
"2940","Light Cult Crypto Club #2940"
"2941","Light Cult Crypto Club #2941"
"2942","Light Cult Crypto Club #2942"
"2943","Light Cult Crypto Club #2943"
"2944","Light Cult Crypto Club #2944"
"2945","Light Cult Crypto Club #2945"
"2946","Light Cult Crypto Club #2946"
"2947","Light Cult Crypto Club #2947"
"2948","Light Cult Crypto Club #2948"
"2949","Light Cult Crypto Club #2949"
"2950","Light Cult Crypto Club #2950"
"2951","Light Cult Crypto Club #2951"
"2952","Light Cult Crypto Club #2952"
"2953","Light Cult Crypto Club #2953"
"2954","Light Cult Crypto Club #2954"
"2955","Light Cult Crypto Club #2955"
"2956","Light Cult Crypto Club #2956"
"2957","Light Cult Crypto Club #2957"
"2958","Light Cult Crypto Club #2958"
"2959","Light Cult Crypto Club #2959"
"2960","Light Cult Crypto Club #2960"
"2961","Light Cult Crypto Club #2961"
"2962","Light Cult Crypto Club #2962"
"2963","Light Cult Crypto Club #2963"
"2964","Light Cult Crypto Club #2964"
"2965","Light Cult Crypto Club #2965"
"2966","Light Cult Crypto Club #2966"
"2967","Light Cult Crypto Club #2967"
"2968","Light Cult Crypto Club #2968"
"2969","Light Cult Crypto Club #2969"
"2970","Light Cult Crypto Club #2970"
"2971","Light Cult Crypto Club #2971"
"2972","Light Cult Crypto Club #2972"
"2973","Light Cult Crypto Club #2973"
"2974","Light Cult Crypto Club #2974"
"2975","Light Cult Crypto Club #2975"
"2976","Light Cult Crypto Club #2976"
"2977","Light Cult Crypto Club #2977"
"2978","Light Cult Crypto Club #2978"
"2979","Light Cult Crypto Club #2979"
"2980","Light Cult Crypto Club #2980"
"2981","Light Cult Crypto Club #2981"
"2982","Light Cult Crypto Club #2982"
"2983","Light Cult Crypto Club #2983"
"2984","Light Cult Crypto Club #2984"
"2985","Light Cult Crypto Club #2985"
"2986","Light Cult Crypto Club #2986"
"2987","Light Cult Crypto Club #2987"
"2988","Light Cult Crypto Club #2988"
"2989","Light Cult Crypto Club #2989"
"2990","Light Cult Crypto Club #2990"
"2991","Light Cult Crypto Club #2991"
"2992","Light Cult Crypto Club #2992"
"2993","Light Cult Crypto Club #2993"
"2994","Light Cult Crypto Club #2994"
"2995","Light Cult Crypto Club #2995"
"2996","Light Cult Crypto Club #2996"
"2997","Light Cult Crypto Club #2997"
"2998","Light Cult Crypto Club #2998"
"2999","Light Cult Crypto Club #2999"
"3000","Light Cult Crypto Club #3000"
"3008","Light Cult Crypto Club #3008"
"3018","Light Cult Crypto Club #3018"
"3019","Light Cult Crypto Club #3019"
"3021","Light Cult Crypto Club #3021"
"3024","Light Cult Crypto Club #3024"
"3029","Light Cult Crypto Club #3029"
"3048","Light Cult Crypto Club #3048"
"3049","Light Cult Crypto Club #3049"
